timestamp,sensor1,sensor2,sensor3,mqtt_state
2026-07-10 10:39:44,0,571,512,0
2026-07-10 10:39:45,0,566,505,0
2026-07-10 10:39:46,0,567,502,0
2026-07-10 10:39:47,0,566,499,0
2026-07-10 10:39:48,0,568,501,0
2026-07-10 10:39:49,0,563,496,0
2026-07-10 10:39:50,0,563,499,0
2026-07-10 10:39:51,0,563,500,0
2026-07-10 10:39:52,0,562,497,0
2026-07-10 10:39:53,0,564,494,0
2026-07-10 10:39:54,0,564,492,0
2026-07-10 10:39:55,0,563,493,0
2026-07-10 10:39:56,0,564,487,0
2026-07-10 10:39:57,0,565,488,0
2026-07-10 10:39:58,0,562,491,0
2026-07-10 10:39:59,0,564,489,0
2026-07-10 10:40:00,0,562,500,0
2026-07-10 10:40:01,0,564,489,0
2026-07-10 10:40:02,0,564,499,0
2026-07-10 10:40:03,0,563,501,0
2026-07-10 10:40:04,0,566,498,0
2026-07-10 10:40:05,0,567,507,0
2026-07-10 10:40:06,0,568,508,0
2026-07-10 10:40:07,0,568,512,0
2026-07-10 10:40:08,0,574,508,0
2026-07-10 10:40:09,0,577,513,0
2026-07-10 10:40:10,0,578,503,0
2026-07-10 10:40:11,0,580,506,0
2026-07-10 10:40:12,0,581,510,0
2026-07-10 10:40:13,0,579,505,0
2026-07-10 10:40:14,0,580,507,0
2026-07-10 10:40:15,0,578,498,0
2026-07-10 10:40:16,0,574,496,0
2026-07-10 10:40:17,0,576,499,0
2026-07-10 10:40:18,0,572,500,0
2026-07-10 10:40:19,0,570,502,0
2026-07-10 10:40:20,0,572,504,0
2026-07-10 10:40:21,0,567,507,0
2026-07-10 10:40:22,0,573,513,0
2026-07-10 10:40:23,0,570,505,0
2026-07-10 10:40:24,0,577,506,0
2026-07-10 10:40:25,0,576,499,0
2026-07-10 10:40:26,0,579,501,0
2026-07-10 10:40:27,0,577,492,0
2026-07-10 10:40:28,0,578,484,0
2026-07-10 10:40:29,0,577,490,0
2026-07-10 10:40:30,0,577,486,0
2026-07-10 10:40:31,0,577,486,0
2026-07-10 10:40:32,0,573,477,0
2026-07-10 10:40:33,0,571,494,0
2026-07-10 10:40:34,0,575,484,0
2026-07-10 10:40:35,0,572,488,0
2026-07-10 10:40:36,0,573,480,0
2026-07-10 10:40:37,0,569,482,0
2026-07-10 10:40:38,0,571,480,0
2026-07-10 10:40:39,0,568,488,0
2026-07-10 10:40:40,0,569,490,0
2026-07-10 10:40:41,0,570,474,0
2026-07-10 10:40:42,0,569,478,0
2026-07-10 10:40:43,0,570,485,0
2026-07-10 10:40:44,0,571,472,0
2026-07-10 10:40:45,0,571,490,0
2026-07-10 10:40:46,0,571,488,0
2026-07-10 10:40:47,0,572,480,0
2026-07-10 10:40:48,0,572,482,0
2026-07-10 10:40:49,0,575,489,0
2026-07-10 10:40:50,0,575,478,0
2026-07-10 10:40:51,0,575,488,0
2026-07-10 10:40:52,0,577,482,0
2026-07-10 10:40:53,0,576,489,0
2026-07-10 10:40:54,0,578,478,0
2026-07-10 10:40:55,0,577,490,0
2026-07-10 10:40:56,0,577,494,0
2026-07-10 10:40:57,0,576,488,0
2026-07-10 10:40:58,0,577,492,0
2026-07-10 10:40:59,0,577,483,0
2026-07-10 10:41:00,0,576,490,0
2026-07-10 10:41:01,0,576,479,0
2026-07-10 10:41:02,0,576,493,0
2026-07-10 10:41:03,0,576,479,0
2026-07-10 10:41:04,0,575,469,0
2026-07-10 10:41:05,0,575,486,0
2026-07-10 10:41:06,0,573,496,0
2026-07-10 10:41:07,0,571,473,0
2026-07-10 10:41:08,0,571,490,0
2026-07-10 10:41:09,0,568,474,0
2026-07-10 10:41:10,0,563,481,0
2026-07-10 10:41:11,0,563,491,0
2026-07-10 10:41:12,0,562,495,0
2026-07-10 10:41:13,0,564,500,0
2026-07-10 10:41:14,0,567,502,0
2026-07-10 10:41:15,0,574,508,0
2026-07-10 10:41:16,0,574,509,0
2026-07-10 10:41:17,0,576,507,0
2026-07-10 10:41:18,0,577,503,0
2026-07-10 10:41:19,0,578,502,0
2026-07-10 10:41:20,0,583,500,0
2026-07-10 10:41:21,0,579,505,0
2026-07-10 10:41:22,0,577,497,0
2026-07-10 10:41:23,0,575,502,0
2026-07-10 10:41:24,0,574,498,0
2026-07-10 10:41:25,0,569,498,0
2026-07-10 10:41:26,0,572,498,0
2026-07-10 10:41:27,0,567,503,0
2026-07-10 10:41:28,0,572,506,0
2026-07-10 10:41:29,0,569,509,0
2026-07-10 10:41:30,0,570,507,0
2026-07-10 10:41:31,0,574,497,0
2026-07-10 10:41:32,0,580,495,0
2026-07-10 10:41:33,0,577,488,0
2026-07-10 10:41:34,0,576,482,0
2026-07-10 10:41:35,0,574,476,0
2026-07-10 10:41:36,0,574,477,0
2026-07-10 10:41:37,0,572,494,0
2026-07-10 10:41:38,0,572,487,0
2026-07-10 10:41:39,0,569,484,0
2026-07-10 10:41:40,0,564,481,0
2026-07-10 10:41:41,0,560,484,0
2026-07-10 10:41:42,0,563,503,0
2026-07-10 10:41:43,0,565,504,0
2026-07-10 10:41:44,0,567,508,0
2026-07-10 10:41:45,0,575,507,0
2026-07-10 10:41:46,0,575,502,0
2026-07-10 10:41:47,0,577,502,0
2026-07-10 10:41:48,0,577,502,0
2026-07-10 10:41:49,0,581,505,0
2026-07-10 10:41:50,0,581,505,0
2026-07-10 10:41:51,0,578,506,0
2026-07-10 10:41:52,0,578,498,0
2026-07-10 10:41:53,0,575,494,0
2026-07-10 10:41:57,0,573,500,0
2026-07-10 10:41:57,0,568,498,0
2026-07-10 10:41:57,0,567,500,0
2026-07-10 10:41:57,0,570,506,0
2026-07-10 10:41:58,0,567,511,0
2026-07-10 10:41:59,0,573,505,0
2026-07-10 10:42:00,0,574,502,0
2026-07-10 10:42:01,0,576,489,0
2026-07-10 10:42:02,0,582,507,0
2026-07-10 10:42:03,0,580,499,0
2026-07-10 10:42:05,0,580,470,0
2026-07-10 10:42:05,0,576,493,0
2026-07-10 10:42:06,0,574,487,0
2026-07-10 10:42:07,0,571,472,0
2026-07-10 10:42:08,0,571,475,0
2026-07-10 10:42:09,0,568,476,0
2026-07-10 10:42:10,0,562,478,0
2026-07-10 10:42:11,0,562,499,0
2026-07-10 10:42:12,0,565,493,0
2026-07-10 10:42:13,0,566,498,0
2026-07-10 10:42:14,0,570,507,0
2026-07-10 10:42:15,0,573,504,0
2026-07-10 10:42:16,0,577,502,0
2026-07-10 10:42:17,0,578,506,0
2026-07-10 10:42:18,0,579,502,0
2026-07-10 10:42:19,0,580,502,0
2026-07-10 10:42:20,0,579,501,0
2026-07-10 10:42:21,0,577,498,0
2026-07-10 10:42:22,0,574,501,0
2026-07-10 10:42:23,0,573,503,0
2026-07-10 10:42:24,0,571,499,0
2026-07-10 10:42:25,0,566,502,0
2026-07-10 10:42:26,0,566,506,0
2026-07-10 10:42:27,0,568,509,0
2026-07-10 10:42:28,0,575,511,0
2026-07-10 10:42:29,0,578,511,0
2026-07-10 10:42:30,0,575,495,0
2026-07-10 10:42:31,0,579,500,0
2026-07-10 10:42:32,0,584,488,0
2026-07-10 10:42:33,0,577,501,0
2026-07-10 10:42:34,0,578,489,0
2026-07-10 10:42:35,0,575,494,0
2026-07-10 10:42:36,0,575,484,0
2026-07-10 10:42:37,0,571,494,0
2026-07-10 10:42:38,0,571,478,0
2026-07-10 10:42:39,0,569,472,0
2026-07-10 10:42:40,0,565,477,0
2026-07-10 10:42:41,0,563,494,0
2026-07-10 10:42:42,0,566,494,0
2026-07-10 10:42:43,0,567,502,0
2026-07-10 10:42:44,0,569,508,0
2026-07-10 10:42:45,0,574,506,0
2026-07-10 10:42:46,0,577,503,0
2026-07-10 10:42:47,0,579,507,0
2026-07-10 10:42:48,0,577,508,0
2026-07-10 10:42:49,0,578,503,0
2026-07-10 10:42:50,0,579,500,0
2026-07-10 10:42:51,0,579,504,0
2026-07-10 10:42:52,0,578,500,0
2026-07-10 10:42:53,0,573,495,0
2026-07-10 10:42:54,0,570,498,0
2026-07-10 10:42:55,0,568,494,0
2026-07-10 10:42:56,0,566,500,0
2026-07-10 10:42:57,0,565,499,0
2026-07-10 10:42:58,0,572,511,0
2026-07-10 10:42:59,0,574,501,0
2026-07-10 10:43:00,0,571,498,0
2026-07-10 10:43:01,0,576,492,0
2026-07-10 10:43:02,0,576,497,0
2026-07-10 10:43:03,0,580,481,0
2026-07-10 10:43:04,0,579,484,0
2026-07-10 10:43:05,0,576,495,0
2026-07-10 10:43:06,0,575,481,0
2026-07-10 10:43:07,0,573,467,0
2026-07-10 10:43:08,0,570,471,0
2026-07-10 10:43:09,0,569,471,0
2026-07-10 10:43:10,0,567,491,0
2026-07-10 10:43:11,0,561,499,0
2026-07-10 10:43:12,0,563,490,0
2026-07-10 10:43:13,0,565,493,0
2026-07-10 10:43:14,0,565,510,0
2026-07-10 10:43:15,0,572,510,0
2026-07-10 10:47:33,0,575,501,0
2026-07-10 10:47:34,0,576,498,0
2026-07-10 10:47:35,0,576,507,0
2026-07-10 10:47:36,0,574,501,0
2026-07-10 10:47:37,0,570,501,0
2026-07-10 10:47:38,0,567,504,0
2026-07-10 10:47:39,0,566,510,0
2026-07-10 10:47:40,0,563,502,0
2026-07-10 10:47:41,0,559,497,0
2026-07-10 10:47:42,0,561,489,0
2026-07-10 10:47:43,0,562,496,0
2026-07-10 10:47:44,0,565,472,0
2026-07-10 10:47:45,0,571,468,0
2026-07-10 10:47:46,0,570,484,0
2026-07-10 10:47:47,0,572,470,0
2026-07-10 10:47:48,0,576,472,0
2026-07-10 10:47:49,0,575,494,0
2026-07-10 10:47:50,0,572,482,0
2026-07-10 10:47:51,0,577,507,0
2026-07-10 10:47:52,0,572,486,0
2026-07-10 10:47:53,0,573,502,0
2026-07-10 10:47:54,0,569,504,0
2026-07-10 10:47:55,0,569,505,0
2026-07-10 10:47:56,0,565,506,0
2026-07-10 10:47:57,0,568,502,0
2026-07-10 10:47:58,0,565,502,0
2026-07-10 10:47:59,0,570,498,0
2026-07-10 10:48:00,0,572,495,0
2026-07-10 10:48:01,0,572,499,0
2026-07-10 10:48:03,0,573,496,0
2026-07-10 10:48:03,0,576,501,0
2026-07-10 10:48:04,0,575,500,0
2026-07-10 10:48:05,0,577,509,0
2026-07-10 10:48:06,0,575,502,0
2026-07-10 10:48:07,0,576,500,0
2026-07-10 10:48:08,0,576,504,0
2026-07-10 10:48:09,0,573,499,0
2026-07-10 10:48:10,0,575,502,0
2026-07-10 10:48:11,0,571,502,0
2026-07-10 10:48:12,0,572,501,0
2026-07-10 10:48:13,0,575,504,0
2026-07-10 10:48:14,0,574,502,0
2026-07-10 10:48:15,0,574,498,0
2026-07-10 10:48:16,0,576,503,0
2026-07-10 10:48:17,0,575,505,0
2026-07-10 10:48:18,0,574,502,0
2026-07-10 10:48:19,0,574,505,0
2026-07-10 10:48:20,0,575,503,0
2026-07-10 10:48:21,0,574,502,0
2026-07-10 10:48:22,0,575,497,0
2026-07-10 10:48:23,0,576,497,0
2026-07-10 10:48:24,0,573,503,0
2026-07-10 10:48:25,0,568,499,0
2026-07-10 10:48:26,0,570,494,0
2026-07-10 10:48:27,0,564,495,0
2026-07-10 10:48:28,0,566,498,0
2026-07-10 10:48:29,0,566,504,0
2026-07-10 10:48:30,0,563,503,0
2026-07-10 10:48:33,0,567,507,0
2026-07-10 10:48:33,0,567,499,0
2026-07-10 10:48:33,0,567,510,0
2026-07-10 10:48:34,0,573,509,0
2026-07-10 10:48:35,0,572,500,0
2026-07-10 10:48:36,0,577,496,0
2026-07-10 10:48:37,0,572,481,0
2026-07-10 10:48:38,0,575,499,0
2026-07-10 10:48:39,0,573,494,0
2026-07-10 10:48:40,0,571,480,0
2026-07-10 10:48:41,0,570,486,0
2026-07-10 10:48:42,0,571,477,0
2026-07-10 10:48:43,0,571,499,0
2026-07-10 10:48:44,0,569,506,0
2026-07-10 10:48:45,0,568,489,0
2026-07-10 10:48:46,0,568,476,0
2026-07-10 10:48:47,0,565,479,0
2026-07-10 10:48:48,0,563,489,0
2026-07-10 10:48:49,0,566,492,0
2026-07-10 10:48:50,0,564,484,0
2026-07-10 10:48:51,0,564,486,0
2026-07-10 10:48:52,0,563,478,0
2026-07-10 10:48:53,0,565,477,0
2026-07-10 10:48:54,0,561,488,0
2026-07-10 10:48:55,0,561,490,0
2026-07-10 10:48:56,0,560,484,0
2026-07-10 10:48:57,0,561,497,0
2026-07-10 10:48:58,0,562,496,0
2026-07-10 10:48:59,0,560,491,0
2026-07-10 10:49:00,0,557,487,0
2026-07-10 10:49:01,0,558,500,0
2026-07-10 10:49:02,0,561,491,0
2026-07-10 10:49:03,0,558,496,0
2026-07-10 10:49:04,0,558,494,0
2026-07-10 10:49:05,0,561,486,0
2026-07-10 10:49:06,0,558,486,0
2026-07-10 10:49:07,0,559,491,0
2026-07-10 10:49:08,0,557,503,0
2026-07-10 10:49:09,0,559,497,0
2026-07-10 10:49:10,0,559,493,0
2026-07-10 10:49:11,0,558,500,0
2026-07-10 10:49:12,0,560,491,0
2026-07-10 10:49:13,0,561,495,0
2026-07-10 10:49:14,0,558,495,0
2026-07-10 10:49:15,0,560,488,0
2026-07-10 10:49:16,0,562,482,0
2026-07-10 10:49:17,0,562,496,0
2026-07-10 10:49:18,0,563,486,0
2026-07-10 10:49:19,0,567,480,0
2026-07-10 10:49:20,0,569,484,0
2026-07-10 10:49:21,0,568,472,0
2026-07-10 10:49:22,0,570,495,0
2026-07-10 10:49:23,0,571,479,0
2026-07-10 10:49:24,0,571,477,0
2026-07-10 10:49:25,0,572,486,0
2026-07-10 10:49:26,0,576,482,0
2026-07-10 10:49:27,0,574,483,0
2026-07-10 10:49:28,0,574,484,0
2026-07-10 10:49:29,0,577,488,0
2026-07-10 10:49:30,0,577,483,0
2026-07-10 10:49:31,0,578,501,0
2026-07-10 10:49:32,0,576,485,0
2026-07-10 10:49:33,0,573,493,0
2026-07-10 10:49:34,0,574,493,0
2026-07-10 10:49:35,0,571,496,0
2026-07-10 10:49:36,0,569,498,0
2026-07-10 10:49:37,0,574,505,0
2026-07-10 10:49:38,0,570,498,0
2026-07-10 10:49:39,0,566,500,0
2026-07-10 10:49:40,0,572,508,0
2026-07-10 10:49:41,0,571,499,0
2026-07-10 10:49:42,0,564,497,0
2026-07-10 10:49:43,0,564,507,0
2026-07-10 10:49:44,0,562,502,0
2026-07-10 10:49:45,0,564,503,0
2026-07-10 10:49:46,0,567,503,0
2026-07-10 10:49:47,0,567,500,0
2026-07-10 10:49:48,0,567,503,0
2026-07-10 10:49:49,0,567,509,0
2026-07-10 10:49:50,0,566,501,0
2026-07-10 10:49:51,0,571,501,0
2026-07-10 10:49:52,0,564,504,0
2026-07-10 10:49:53,0,568,506,0
2026-07-10 10:49:54,0,567,505,0
2026-07-10 10:49:55,0,566,504,0
2026-07-10 10:49:56,0,563,503,0
2026-07-10 10:49:57,0,566,496,0
2026-07-10 10:49:58,0,566,500,0
2026-07-10 10:49:59,0,563,498,0
2026-07-10 10:50:00,0,563,495,0
2026-07-10 10:50:01,0,568,498,0
2026-07-10 10:50:02,0,568,494,0
2026-07-10 10:50:03,0,568,495,0
2026-07-10 10:50:04,0,574,502,0
2026-07-10 10:50:05,0,575,497,0
2026-07-10 10:50:06,0,573,500,0
2026-07-10 10:50:07,0,575,502,0
2026-07-10 10:50:08,0,576,504,0
2026-07-10 10:50:09,0,574,501,0
2026-07-10 10:50:10,0,576,501,0
2026-07-10 10:50:12,0,573,504,0
2026-07-10 10:50:12,0,574,508,0
2026-07-10 10:50:13,0,572,504,0
2026-07-10 10:50:14,0,566,515,0
2026-07-10 10:50:15,0,566,502,0
2026-07-10 10:50:16,0,562,504,0
2026-07-10 10:50:17,0,561,499,0
2026-07-10 10:50:18,0,560,496,0
2026-07-10 10:50:19,0,565,483,0
2026-07-10 10:50:20,0,565,479,0
2026-07-10 10:50:21,0,567,481,0
2026-07-10 10:50:24,0,569,504,0
2026-07-10 10:50:24,0,572,496,0
2026-07-10 10:50:24,0,574,480,0
2026-07-10 10:50:25,0,572,487,0
2026-07-10 10:50:26,0,578,507,0
2026-07-10 10:50:27,0,574,490,0
2026-07-10 10:50:28,0,574,499,0
2026-07-10 10:50:29,0,571,504,0
2026-07-10 10:50:30,0,565,510,0
2026-07-10 10:50:31,0,563,508,0
2026-07-10 10:50:32,0,566,504,0
2026-07-10 10:50:33,0,564,504,0
2026-07-10 10:50:34,0,566,502,0
2026-07-10 10:50:35,0,570,499,0
2026-07-10 10:50:36,0,573,497,0
2026-07-10 10:50:37,0,574,502,0
2026-07-10 10:50:38,0,576,506,0
2026-07-10 10:50:39,0,575,504,0
2026-07-10 10:50:40,0,577,505,0
2026-07-10 10:50:41,0,574,504,0
2026-07-10 10:50:42,0,571,501,0
2026-07-10 10:50:43,0,570,507,0
2026-07-10 10:50:44,0,568,501,0
2026-07-10 10:50:45,0,567,508,0
2026-07-10 10:50:46,0,560,503,0
2026-07-10 10:50:47,0,560,497,0
2026-07-10 10:50:48,0,558,499,0
2026-07-10 10:50:49,0,562,495,0
2026-07-10 10:50:50,0,563,478,0
2026-07-10 10:50:51,0,564,484,0
2026-07-10 10:50:52,0,569,497,0
2026-07-10 10:50:53,0,569,495,0
2026-07-10 10:50:54,0,571,489,0
2026-07-10 10:50:55,0,571,490,0
2026-07-10 10:50:56,0,575,498,0
2026-07-10 10:50:57,0,571,501,0
2026-07-10 10:50:58,0,570,486,0
2026-07-10 10:50:59,0,576,487,0
2026-07-10 10:51:00,0,571,505,0
2026-07-10 10:51:01,0,568,501,0
2026-07-10 10:51:02,0,570,502,0
2026-07-10 10:51:03,0,565,512,0
2026-07-10 10:51:04,0,571,507,0
2026-07-10 10:51:05,0,567,511,0
2026-07-10 10:51:06,0,564,510,0
2026-07-10 10:51:07,0,563,501,0
2026-07-10 10:51:08,0,569,503,0
2026-07-10 10:51:09,0,567,500,0
2026-07-10 10:51:10,0,569,499,0
2026-07-10 10:51:11,0,564,499,0
2026-07-10 10:51:12,0,566,499,0
2026-07-10 10:51:13,0,563,503,0
2026-07-10 10:51:14,0,569,504,0
2026-07-10 10:51:15,0,563,498,0
2026-07-10 10:51:16,0,568,501,0
2026-07-10 10:51:17,0,567,498,0
2026-07-10 10:51:18,0,567,501,0
2026-07-10 10:51:19,0,566,498,0
2026-07-10 10:51:20,0,566,494,0
2026-07-10 10:51:21,0,567,503,0
2026-07-10 10:51:22,0,561,506,0
2026-07-10 10:51:23,0,560,502,0
2026-07-10 10:51:24,0,565,509,0
2026-07-10 10:51:25,0,560,503,0
2026-07-10 10:51:26,0,564,501,0
2026-07-10 10:51:27,0,567,506,0
2026-07-10 10:51:28,0,569,504,0
2026-07-10 10:51:29,0,561,507,0
2026-07-10 10:51:30,0,567,509,0
2026-07-10 10:51:31,0,570,506,0
2026-07-10 10:51:32,0,562,499,0
2026-07-10 10:51:33,0,564,510,0
2026-07-10 10:51:34,0,569,497,0
2026-07-10 10:51:35,0,573,498,0
2026-07-10 10:51:36,0,567,498,0
2026-07-10 10:51:37,0,573,500,0
2026-07-10 10:51:38,0,570,501,0
2026-07-10 10:51:40,0,573,506,0
2026-07-10 10:51:41,0,576,494,0
2026-07-10 10:51:41,0,572,493,0
2026-07-10 10:51:42,0,573,501,0
2026-07-10 10:51:43,0,572,481,0
2026-07-10 10:51:44,0,572,486,0
2026-07-10 10:51:45,0,571,493,0
2026-07-10 10:51:46,0,566,480,0
2026-07-10 10:51:47,0,568,493,0
2026-07-10 10:51:49,0,565,488,0
2026-07-10 10:51:49,0,563,475,0
2026-07-10 10:51:50,0,558,492,0
2026-07-10 10:51:51,0,560,486,0
2026-07-10 10:51:52,0,559,503,0
2026-07-10 10:51:53,0,563,497,0
2026-07-10 10:51:54,0,563,511,0
2026-07-10 10:51:55,0,570,505,0
2026-07-10 10:51:56,0,572,501,0
2026-07-10 10:51:57,0,574,499,0
2026-07-10 10:51:58,0,575,506,0
2026-07-10 10:51:59,0,576,505,0
2026-07-10 10:52:00,0,575,499,0
2026-07-10 10:52:01,0,574,497,0
2026-07-10 10:52:02,0,571,504,0
2026-07-10 10:52:03,0,572,500,0
2026-07-10 10:52:04,0,572,502,0
2026-07-10 10:52:05,0,566,495,0
2026-07-10 10:52:07,0,567,497,0
2026-07-10 10:52:07,0,567,500,0
2026-07-10 10:52:08,0,563,504,0
2026-07-10 10:52:09,0,565,505,0
2026-07-10 10:52:10,0,569,498,0
2026-07-10 10:52:11,0,569,499,0
2026-07-10 10:52:12,0,569,504,0
2026-07-10 10:52:13,0,575,501,0
2026-07-10 10:52:14,0,575,497,0
2026-07-10 10:52:15,0,574,503,0
2026-07-10 10:52:16,0,573,495,0
2026-07-10 10:52:17,0,573,477,0
2026-07-10 10:52:18,0,567,478,0
2026-07-10 10:52:19,0,568,490,0
2026-07-10 10:52:20,0,564,482,0
2026-07-10 10:52:21,0,563,486,0
2026-07-10 10:52:22,0,563,489,0
2026-07-10 10:52:23,0,560,491,0
2026-07-10 10:52:24,0,563,480,0
2026-07-10 10:52:25,0,558,495,0
2026-07-10 10:52:26,0,559,483,0
2026-07-10 10:52:27,0,560,487,0
2026-07-10 10:52:28,0,559,490,0
2026-07-10 10:52:29,0,557,497,0
2026-07-10 10:52:30,0,557,486,0
2026-07-10 10:52:31,0,560,482,0
2026-07-10 10:52:32,0,558,501,0
2026-07-10 10:52:33,0,557,484,0
2026-07-10 10:52:34,0,556,502,0
2026-07-10 10:52:35,0,555,488,0
2026-07-10 10:52:36,0,560,486,0
2026-07-10 10:52:37,0,560,500,0
2026-07-10 10:52:38,0,558,501,0
2026-07-10 10:52:39,0,559,492,0
2026-07-10 10:52:40,0,560,476,0
2026-07-10 10:52:41,0,562,491,0
2026-07-10 10:52:42,0,563,486,0
2026-07-10 10:52:43,0,565,491,0
2026-07-10 10:52:44,0,567,488,0
2026-07-10 10:52:45,0,568,481,0
2026-07-10 10:52:46,0,568,499,0
2026-07-10 10:52:47,0,569,475,0
2026-07-10 10:52:48,0,573,498,0
2026-07-10 10:52:49,0,571,503,0
2026-07-10 10:52:50,0,571,497,0
2026-07-10 10:52:51,0,572,488,0
2026-07-10 10:52:52,0,575,498,0
2026-07-10 10:52:53,0,572,499,0
2026-07-10 10:52:54,0,565,506,0
2026-07-10 10:52:55,0,567,505,0
2026-07-10 10:52:56,0,563,500,0
2026-07-10 10:52:57,0,563,505,0
2026-07-10 10:52:58,0,566,495,0
2026-07-10 10:52:59,0,566,498,0
2026-07-10 10:53:00,0,567,496,0
2026-07-10 10:53:01,0,570,509,0
2026-07-10 10:53:02,0,574,500,0
2026-07-10 10:53:03,0,574,503,0
2026-07-10 10:53:04,0,575,500,0
2026-07-10 10:53:05,0,574,506,0
2026-07-10 10:53:06,0,573,498,0
2026-07-10 10:53:07,0,570,503,0
2026-07-10 10:53:08,0,568,501,0
2026-07-10 10:53:09,0,562,516,0
2026-07-10 10:53:10,0,561,509,0
2026-07-10 10:53:11,0,561,502,0
2026-07-10 10:53:12,0,559,488,0
2026-07-10 10:53:13,0,559,486,0
2026-07-10 10:53:14,0,560,490,0
2026-07-10 10:53:15,0,559,487,0
2026-07-10 10:53:16,0,562,492,0
2026-07-10 10:53:17,0,565,478,0
2026-07-10 10:53:18,0,566,474,0
2026-07-10 10:53:19,0,566,475,0
2026-07-10 10:53:20,0,569,471,0
2026-07-10 10:53:21,0,569,489,0
2026-07-10 10:53:22,0,569,489,0
2026-07-10 10:53:23,0,570,486,0
2026-07-10 10:53:24,0,574,487,0
2026-07-10 10:53:25,0,572,486,0
2026-07-10 10:53:26,0,573,500,0
2026-07-10 10:53:27,0,572,488,0
2026-07-10 10:53:28,0,576,486,0
2026-07-10 10:53:29,0,572,492,0
2026-07-10 10:53:30,0,572,505,0
2026-07-10 10:53:31,0,571,499,0
2026-07-10 10:53:32,0,571,494,0
2026-07-10 10:53:33,0,571,506,0
2026-07-10 10:53:34,0,572,499,0
2026-07-10 10:53:35,0,568,501,0
2026-07-10 10:53:36,0,571,491,0
2026-07-10 10:53:37,0,570,498,0
2026-07-10 10:53:38,0,567,508,0
2026-07-10 10:53:39,0,561,496,0
2026-07-10 10:53:40,0,564,499,0
2026-07-10 10:53:41,0,563,508,0
2026-07-10 10:53:42,0,560,508,0
2026-07-10 10:53:43,0,566,504,0
2026-07-10 10:53:44,0,563,505,0
2026-07-10 10:53:45,0,566,497,0
2026-07-10 10:53:46,0,567,498,0
2026-07-10 10:53:47,0,564,500,0
2026-07-10 10:53:48,0,565,497,0
2026-07-10 10:53:49,0,565,500,0
2026-07-10 10:53:50,0,566,502,0
2026-07-10 10:53:51,0,564,496,0
2026-07-10 10:53:52,0,569,503,0
2026-07-10 10:53:53,0,566,502,0
2026-07-10 10:53:54,0,569,501,0
2026-07-10 10:53:55,0,566,494,0
2026-07-10 10:53:56,0,567,502,0
2026-07-10 10:53:57,0,572,501,0
2026-07-10 10:53:58,0,570,500,0
2026-07-10 10:53:59,0,570,500,0
2026-07-10 10:54:00,0,569,499,0
2026-07-10 10:54:01,0,568,499,0
2026-07-10 10:54:02,0,570,498,0
2026-07-10 10:54:03,0,567,498,0
2026-07-10 10:54:04,0,571,500,0
2026-07-10 10:54:05,0,572,496,0
2026-07-10 10:54:06,0,573,497,0
2026-07-10 10:54:07,0,573,501,0
2026-07-10 10:54:08,0,574,510,0
2026-07-10 10:54:09,0,574,502,0
2026-07-10 10:54:10,0,573,497,0
2026-07-10 10:54:11,0,575,506,0
2026-07-10 10:54:12,0,575,507,0
2026-07-10 10:54:13,0,575,505,0
2026-07-10 10:54:14,0,573,507,0
2026-07-10 10:54:15,0,575,505,0
2026-07-10 10:54:16,0,573,509,0
2026-07-10 10:54:17,0,571,505,0
2026-07-10 10:54:18,0,571,506,0
2026-07-10 10:54:19,0,576,501,0
2026-07-10 10:54:20,0,572,501,0
2026-07-10 10:54:21,0,570,500,0
2026-07-10 10:54:22,0,569,507,0
2026-07-10 10:54:23,0,567,508,0
2026-07-10 10:54:24,0,572,504,0
2026-07-10 10:54:25,0,563,508,0
2026-07-10 10:54:26,0,557,498,0
2026-07-10 10:54:27,0,561,504,0
2026-07-10 10:54:28,0,558,494,0
2026-07-10 10:54:29,0,558,492,0
2026-07-10 10:54:30,0,561,492,0
2026-07-10 10:54:31,0,558,495,0
2026-07-10 10:54:32,0,561,482,0
2026-07-10 10:54:33,0,565,490,0
2026-07-10 10:54:34,0,569,487,0
2026-07-10 10:54:35,0,568,479,0
2026-07-10 10:54:36,0,570,486,0
2026-07-10 10:54:37,0,573,484,0
2026-07-10 10:54:38,0,571,487,0
2026-07-10 10:54:39,0,575,500,0
2026-07-10 10:54:43,0,571,494,0
2026-07-10 10:54:43,0,571,493,0
2026-07-10 10:54:43,0,569,514,0
2026-07-10 10:54:43,0,570,497,0
2026-07-10 10:54:44,0,561,501,0
2026-07-10 10:54:45,0,563,508,0
2026-07-10 10:54:46,0,562,504,0
2026-07-10 10:54:47,0,564,504,0
2026-07-10 10:54:54,0,565,499,0
2026-07-10 10:54:54,0,565,502,0
2026-07-10 10:54:54,0,568,501,0
2026-07-10 10:54:54,0,562,500,0
2026-07-10 10:54:54,0,566,493,0
2026-07-10 10:54:54,0,567,494,0
2026-07-10 10:54:54,0,565,496,0
2026-07-10 10:54:55,0,566,492,0
2026-07-10 10:54:56,0,565,501,0
2026-07-10 10:54:57,0,566,499,0
2026-07-10 10:54:58,0,570,494,0
2026-07-10 10:54:59,0,566,500,0
2026-07-10 10:55:00,0,566,503,0
2026-07-10 10:55:01,0,568,498,0
2026-07-10 10:55:02,0,570,496,0
2026-07-10 10:55:03,0,566,497,0
2026-07-10 10:55:04,0,567,503,0
2026-07-10 10:55:05,0,564,496,0
2026-07-10 10:55:06,0,561,505,0
2026-07-10 10:55:07,0,560,500,0
2026-07-10 10:55:08,0,561,502,0
2026-07-10 10:55:09,0,566,507,0
2026-07-10 10:55:10,0,563,500,0
2026-07-10 10:55:11,0,561,503,0
2026-07-10 10:55:12,0,568,502,0
2026-07-10 10:55:14,0,570,497,0
2026-07-10 10:55:14,0,572,511,0
2026-07-10 10:55:15,0,573,485,0
2026-07-10 10:55:16,0,570,494,0
2026-07-10 10:55:17,0,570,503,0
2026-07-10 10:55:18,0,568,494,0
2026-07-10 10:55:19,0,564,482,0
2026-07-10 10:55:20,0,564,481,0
2026-07-10 10:55:21,0,559,491,0
2026-07-10 10:55:22,0,560,501,0
2026-07-10 10:55:23,0,557,501,0
2026-07-10 10:55:24,0,559,494,0
2026-07-10 10:55:25,0,562,514,0
2026-07-10 10:55:26,0,567,505,0
2026-07-10 10:55:27,0,569,504,0
2026-07-10 10:55:28,0,574,504,0
2026-07-10 10:55:29,0,572,508,0
2026-07-10 10:55:30,0,572,497,0
2026-07-10 10:55:31,0,572,506,0
2026-07-10 10:55:32,0,573,496,0
2026-07-10 10:55:33,0,571,499,0
2026-07-10 10:55:34,0,571,499,0
2026-07-10 10:55:35,0,569,494,0
2026-07-10 10:55:36,0,565,492,0
2026-07-10 10:55:37,0,565,499,0
2026-07-10 10:55:38,0,562,503,0
2026-07-10 10:55:39,0,563,507,0
2026-07-10 10:55:40,0,566,499,0
2026-07-10 10:55:41,0,566,501,0
2026-07-10 10:55:42,0,575,506,0
2026-07-10 10:55:43,0,573,505,0
2026-07-10 10:55:44,0,570,490,0
2026-07-10 10:55:45,0,571,484,0
2026-07-10 10:55:46,0,568,484,0
2026-07-10 10:55:47,0,568,483,0
2026-07-10 10:55:48,0,566,473,0
2026-07-10 10:55:49,0,566,495,0
2026-07-10 10:55:50,0,563,494,0
2026-07-10 10:55:51,0,561,479,0
2026-07-10 10:55:52,0,559,491,0
2026-07-10 10:55:53,0,555,502,0
2026-07-10 10:55:54,0,560,499,0
2026-07-10 10:55:55,0,560,503,0
2026-07-10 10:55:56,0,562,502,0
2026-07-10 10:55:57,0,565,498,0
2026-07-10 10:55:58,0,567,506,0
2026-07-10 10:55:59,0,567,500,0
2026-07-10 10:56:00,0,574,498,0
2026-07-10 10:56:01,0,573,506,0
2026-07-10 10:56:02,0,573,503,0
2026-07-10 10:56:03,0,572,504,0
2026-07-10 10:56:04,0,572,502,0
2026-07-10 10:56:05,0,572,503,0
2026-07-10 10:56:06,0,574,499,0
2026-07-10 10:56:07,0,572,501,0
2026-07-10 10:56:08,0,572,500,0
2026-07-10 10:56:09,0,571,504,0
2026-07-10 10:56:10,0,571,499,0
2026-07-10 10:56:11,0,572,499,0
2026-07-10 10:56:12,0,571,497,0
2026-07-10 10:56:13,0,572,502,0
2026-07-10 10:56:14,0,569,507,0
2026-07-10 10:56:15,0,569,499,0
2026-07-10 10:56:16,0,571,492,0
2026-07-10 10:56:17,0,568,499,0
2026-07-10 10:56:18,0,572,496,0
2026-07-10 10:56:19,0,571,500,0
2026-07-10 10:56:20,0,570,500,0
2026-07-10 10:56:21,0,572,508,0
2026-07-10 10:56:22,0,572,496,0
2026-07-10 10:56:23,0,571,498,0
2026-07-10 10:56:24,0,574,496,0
2026-07-10 10:56:25,0,571,505,0
2026-07-10 10:56:26,0,573,500,0
2026-07-10 10:56:27,0,576,504,0
2026-07-10 10:56:28,0,575,501,0
2026-07-10 10:56:31,0,574,497,0
2026-07-10 10:56:31,0,574,500,0
2026-07-10 10:56:31,0,573,499,0
2026-07-10 10:56:32,0,572,502,0
2026-07-10 10:56:33,0,576,504,0
2026-07-10 10:56:34,0,572,498,0
2026-07-10 10:56:35,0,572,507,0
2026-07-10 10:56:36,0,571,498,0
2026-07-10 10:56:37,0,572,504,0
2026-07-10 10:56:38,0,573,504,0
2026-07-10 10:56:39,0,570,505,0
2026-07-10 10:56:40,0,567,503,0
2026-07-10 10:56:41,0,567,504,0
2026-07-10 10:56:42,0,562,511,0
2026-07-10 10:56:43,0,561,500,0
2026-07-10 10:56:44,0,560,505,0
2026-07-10 10:56:45,0,555,494,0
2026-07-10 10:56:46,0,557,498,0
2026-07-10 10:56:47,0,557,498,0
2026-07-10 10:56:48,0,558,491,0
2026-07-10 10:56:49,0,563,484,0
2026-07-10 10:56:50,0,565,472,0
2026-07-10 10:56:51,0,566,478,0
2026-07-10 10:56:52,0,568,483,0
2026-07-10 10:56:53,0,570,477,0
2026-07-10 10:56:54,0,572,501,0
2026-07-10 10:56:55,0,573,499,0
2026-07-10 10:56:56,0,573,498,0
2026-07-10 10:56:57,0,568,492,0
2026-07-10 10:56:58,0,565,504,0
2026-07-10 10:56:59,0,566,510,0
2026-07-10 10:57:00,0,563,503,0
2026-07-10 10:57:01,0,560,500,0
2026-07-10 10:57:02,0,558,496,0
2026-07-10 10:57:03,0,564,497,0
2026-07-10 10:57:04,0,566,494,0
2026-07-10 10:57:05,0,564,496,0
2026-07-10 10:57:06,0,569,496,0
2026-07-10 10:57:07,0,570,500,0
2026-07-10 10:57:08,0,572,493,0
2026-07-10 10:57:09,0,572,498,0
2026-07-10 10:57:10,0,573,505,0
2026-07-10 10:57:11,0,573,503,0
2026-07-10 10:57:12,0,570,503,0
2026-07-10 10:57:13,0,570,505,0
2026-07-10 10:57:14,0,570,507,0
2026-07-10 10:57:15,0,568,504,0
2026-07-10 10:57:16,0,567,500,0
2026-07-10 10:57:17,0,565,502,0
2026-07-10 10:57:18,0,566,515,0
2026-07-10 10:57:19,0,562,506,0
2026-07-10 10:57:20,0,561,514,0
2026-07-10 10:57:21,0,561,501,0
2026-07-10 10:57:22,0,559,502,0
2026-07-10 10:57:23,0,561,495,0
2026-07-10 10:57:24,0,558,494,0
2026-07-10 10:57:25,0,557,494,0
2026-07-10 10:57:26,0,558,499,0
2026-07-10 10:57:27,0,555,494,0
2026-07-10 10:57:28,0,555,494,0
2026-07-10 10:57:29,0,555,480,0
2026-07-10 10:57:30,0,558,486,0
2026-07-10 10:57:31,0,556,494,0
2026-07-10 10:57:32,0,555,482,0
2026-07-10 10:57:33,0,558,500,0
2026-07-10 10:57:34,0,556,478,0
2026-07-10 10:57:35,0,559,482,0
2026-07-10 10:57:36,0,558,484,0
2026-07-10 10:57:37,0,555,481,0
2026-07-10 10:57:38,0,559,490,0
2026-07-10 10:57:39,0,553,492,0
2026-07-10 10:57:40,0,557,495,0
2026-07-10 10:57:41,0,555,487,0
2026-07-10 10:57:42,0,556,507,0
2026-07-10 10:57:43,0,558,495,0
2026-07-10 10:57:44,0,557,501,0
2026-07-10 10:57:45,0,558,505,0
2026-07-10 10:57:46,0,560,499,0
2026-07-10 10:57:47,0,558,502,0
2026-07-10 10:57:48,0,562,507,0
2026-07-10 10:57:49,0,560,513,0
2026-07-10 10:57:50,0,565,507,0
2026-07-10 10:57:51,0,565,506,0
2026-07-10 10:57:52,0,566,508,0
2026-07-10 10:57:53,0,568,506,0
2026-07-10 10:57:54,0,573,504,0
2026-07-10 10:57:55,0,574,507,0
2026-07-10 10:57:56,0,571,498,8
2026-07-10 10:57:57,0,571,505,8
2026-07-10 10:57:58,0,573,502,8
2026-07-10 10:57:59,0,573,504,8
2026-07-10 10:58:00,0,575,508,8
2026-07-10 10:58:01,0,573,505,8
2026-07-10 10:58:02,0,574,500,8
2026-07-10 10:58:03,0,572,505,8
2026-07-10 10:58:04,0,570,502,8
2026-07-10 10:58:05,0,572,503,8
2026-07-10 10:58:06,0,571,502,8
2026-07-10 10:58:07,0,571,496,8
2026-07-10 10:58:08,0,566,496,8
2026-07-10 10:58:09,0,572,497,8
2026-07-10 10:58:10,0,568,495,8
2026-07-10 10:58:11,0,566,493,8
2026-07-10 10:58:12,0,562,500,8
2026-07-10 10:58:13,0,559,501,8
2026-07-10 10:58:14,0,564,500,8
2026-07-10 10:58:15,0,563,504,8
2026-07-10 10:58:16,0,563,506,8
2026-07-10 10:58:17,0,560,506,8
2026-07-10 10:58:18,0,563,503,8
2026-07-10 10:58:19,0,565,509,8
2026-07-10 10:58:20,0,564,497,8
2026-07-10 10:58:21,0,566,501,8
2026-07-10 10:58:22,0,564,509,8
2026-07-10 10:58:23,0,565,503,8
2026-07-10 10:58:24,0,566,503,8
2026-07-10 10:58:25,0,570,504,8
2026-07-10 10:58:26,0,567,497,8
2026-07-10 10:58:27,0,565,498,8
2026-07-10 10:58:28,0,566,495,8
2026-07-10 10:58:29,0,569,490,8
2026-07-10 10:58:31,0,571,509,8
2026-07-10 10:58:31,0,567,502,8
2026-07-10 10:58:32,0,566,497,8
2026-07-10 10:58:33,0,562,505,8
2026-07-10 10:58:34,0,562,506,8
2026-07-10 10:58:35,0,559,508,8
2026-07-10 10:58:36,0,558,495,8
2026-07-10 10:58:37,0,565,505,8
2026-07-10 10:58:38,0,562,504,8
2026-07-10 10:58:39,0,563,498,8
2026-07-10 10:58:40,0,568,495,8
2026-07-10 10:58:41,0,565,502,8
2026-07-10 10:58:42,0,570,495,8
2026-07-10 10:58:43,0,571,502,8
2026-07-10 10:58:44,0,573,501,8
2026-07-10 10:58:45,0,572,500,8
2026-07-10 10:58:46,0,573,499,8
2026-07-10 10:58:47,0,572,505,8
2026-07-10 10:58:48,0,571,504,8
2026-07-10 10:58:49,0,571,500,8
2026-07-10 10:58:50,0,569,506,8
2026-07-10 10:58:51,0,567,506,8
2026-07-10 10:58:52,0,569,502,8
2026-07-10 10:58:53,0,567,508,8
2026-07-10 10:58:54,0,564,503,8
2026-07-10 10:58:55,0,566,509,8
2026-07-10 10:58:56,0,567,505,8
2026-07-10 10:58:57,0,572,506,8
2026-07-10 10:58:58,0,570,502,8
2026-07-10 10:58:59,0,572,502,8
2026-07-10 10:59:00,0,569,500,8
2026-07-10 10:59:01,0,573,500,8
2026-07-10 10:59:02,0,573,502,8
2026-07-10 10:59:03,0,571,504,8
2026-07-10 10:59:04,0,571,500,8
2026-07-10 10:59:05,0,570,496,8
2026-07-10 10:59:06,0,564,498,8
2026-07-10 10:59:07,0,565,503,8
2026-07-10 10:59:08,0,559,503,8
2026-07-10 10:59:09,0,562,503,8
2026-07-10 10:59:10,0,565,505,8
2026-07-10 10:59:11,0,568,509,8
2026-07-10 10:59:12,0,570,501,8
2026-07-10 10:59:13,0,571,496,8
2026-07-10 10:59:14,0,572,496,8
2026-07-10 10:59:15,0,571,478,8
2026-07-10 10:59:16,0,572,487,8
2026-07-10 10:59:17,0,569,501,8
2026-07-10 10:59:18,0,565,499,8
2026-07-10 10:59:19,0,564,496,8
2026-07-10 10:59:20,0,564,479,8
2026-07-10 10:59:21,0,559,492,8
2026-07-10 10:59:22,0,557,480,8
2026-07-10 10:59:23,0,555,491,8
2026-07-10 10:59:24,0,558,499,8
2026-07-10 10:59:25,0,567,501,8
2026-07-10 10:59:26,0,565,498,8
2026-07-10 10:59:27,0,569,503,8
2026-07-10 10:59:28,0,574,506,8
2026-07-10 10:59:29,0,573,500,8
2026-07-10 10:59:30,0,573,504,8
2026-07-10 10:59:31,0,572,503,8
2026-07-10 10:59:32,0,569,492,8
2026-07-10 10:59:33,0,567,500,8
2026-07-10 10:59:34,0,568,498,8
2026-07-10 10:59:35,0,563,492,8
2026-07-10 10:59:36,0,564,502,8
2026-07-10 10:59:37,0,565,503,8
2026-07-10 10:59:38,0,561,499,8
2026-07-10 10:59:39,0,562,502,8
2026-07-10 10:59:40,0,561,506,8
2026-07-10 10:59:41,0,569,506,8
2026-07-10 10:59:42,0,570,503,8
2026-07-10 10:59:43,0,568,499,8
2026-07-10 10:59:44,0,570,490,8
2026-07-10 10:59:45,0,574,490,8
2026-07-10 10:59:46,0,573,499,8
2026-07-10 10:59:47,0,569,492,8
2026-07-10 10:59:48,0,569,483,8
2026-07-10 10:59:49,0,568,487,8
2026-07-10 10:59:50,0,568,489,8
2026-07-10 10:59:51,0,566,489,8
2026-07-10 10:59:52,0,563,478,8
2026-07-10 10:59:53,0,564,479,8
2026-07-10 10:59:54,0,561,495,8
2026-07-10 10:59:55,0,555,498,8
2026-07-10 10:59:56,0,557,498,8
2026-07-10 10:59:57,0,553,487,8
2026-07-10 10:59:58,0,558,505,8
2026-07-10 10:59:59,0,555,500,8
2026-07-10 11:00:00,0,558,500,8
2026-07-10 11:00:01,0,562,504,8
2026-07-10 11:00:02,0,563,509,8
2026-07-10 11:00:03,0,562,502,8
2026-07-10 11:00:04,0,566,507,8
2026-07-10 11:00:05,0,567,507,8
2026-07-10 11:00:06,0,569,506,8
2026-07-10 11:00:07,0,571,506,8
2026-07-10 11:00:08,0,567,502,8
2026-07-10 11:00:09,0,571,506,8
2026-07-10 11:00:10,0,571,500,8
2026-07-10 11:00:11,0,571,503,8
2026-07-10 11:00:12,0,573,499,8
2026-07-10 11:00:13,0,569,501,8
2026-07-10 11:00:14,0,569,503,8
2026-07-10 11:00:15,0,572,499,8
2026-07-10 11:00:18,0,570,504,8
2026-07-10 11:00:18,0,567,501,8
2026-07-10 11:00:18,0,572,499,8
2026-07-10 11:00:19,0,572,503,8
2026-07-10 11:00:20,0,571,500,8
2026-07-10 11:00:21,0,572,500,8
2026-07-10 11:00:22,0,570,497,8
2026-07-10 11:00:23,0,568,501,8
2026-07-10 11:00:24,0,567,497,8
2026-07-10 11:00:25,0,567,498,8
2026-07-10 11:00:26,0,564,507,8
2026-07-10 11:00:27,0,563,506,8
2026-07-10 11:00:28,0,561,497,8
2026-07-10 11:00:29,0,556,505,8
2026-07-10 11:00:30,0,556,496,8
2026-07-10 11:00:31,0,558,486,8
2026-07-10 11:00:32,0,560,490,8
2026-07-10 11:00:33,0,563,482,8
2026-07-10 11:00:34,0,565,488,8
2026-07-10 11:00:35,0,566,495,8
2026-07-10 11:00:36,0,568,479,8
2026-07-10 11:00:37,0,570,489,8
2026-07-10 11:00:38,0,571,479,8
2026-07-10 11:00:39,0,568,509,8
2026-07-10 11:00:40,0,571,501,8
2026-07-10 11:00:41,0,567,502,8
2026-07-10 11:00:42,0,569,500,8
2026-07-10 11:00:43,0,567,508,8
2026-07-10 11:00:44,0,562,504,8
2026-07-10 11:00:45,0,565,503,8
2026-07-10 11:00:46,0,564,505,8
2026-07-10 11:00:47,0,562,498,8
2026-07-10 11:00:48,0,565,504,8
2026-07-10 11:00:49,0,567,495,8
2026-07-10 11:00:50,0,563,497,8
2026-07-10 11:00:51,0,567,497,8
2026-07-10 11:00:52,0,567,499,8
2026-07-10 11:00:53,0,570,500,8
2026-07-10 11:00:54,0,570,503,8
2026-07-10 11:00:55,0,571,503,8
2026-07-10 11:00:56,0,570,500,8
2026-07-10 11:00:57,0,573,503,8
2026-07-10 11:00:58,0,573,506,8
2026-07-10 11:00:59,0,572,505,8
2026-07-10 11:01:00,0,570,502,8
2026-07-10 11:01:01,0,573,499,8
2026-07-10 11:01:02,0,573,502,8
2026-07-10 11:01:03,0,572,498,8
2026-07-10 11:01:04,0,568,505,8
2026-07-10 11:01:05,0,570,508,8
2026-07-10 11:01:06,0,569,505,8
2026-07-10 11:01:08,0,571,504,8
2026-07-10 11:01:08,0,569,501,8
2026-07-10 11:01:09,0,569,507,8
2026-07-10 11:01:10,0,572,505,8
2026-07-10 11:01:11,0,571,505,8
2026-07-10 11:01:12,0,572,503,8
2026-07-10 11:01:13,0,568,504,8
2026-07-10 11:01:14,0,570,505,8
2026-07-10 11:01:15,0,570,499,8
2026-07-10 11:01:16,0,572,503,8
2026-07-10 11:01:19,0,569,503,8
2026-07-10 11:01:19,0,569,506,8
2026-07-10 11:01:19,0,569,505,8
2026-07-10 11:01:20,0,569,496,8
2026-07-10 11:01:21,0,565,496,8
2026-07-10 11:01:22,0,567,487,8
2026-07-10 11:01:23,0,565,497,8
2026-07-10 11:01:24,0,562,504,8
2026-07-10 11:01:25,0,562,503,8
2026-07-10 11:01:26,0,560,500,8
2026-07-10 11:01:27,0,569,504,8
2026-07-10 11:01:28,0,563,499,8
2026-07-10 11:01:29,0,573,494,8
2026-07-10 11:01:30,0,570,488,8
2026-07-10 11:01:31,0,569,497,8
2026-07-10 11:01:32,0,567,480,8
2026-07-10 11:01:33,0,567,480,8
2026-07-10 11:01:34,0,567,493,8
2026-07-10 11:01:35,0,565,505,8
2026-07-10 11:01:36,0,563,497,8
2026-07-10 11:01:37,0,561,478,8
2026-07-10 11:01:38,0,561,482,8
2026-07-10 11:01:39,0,557,483,8
2026-07-10 11:01:40,0,555,498,8
2026-07-10 11:01:41,0,554,500,8
2026-07-10 11:01:42,0,558,498,8
2026-07-10 11:01:43,0,559,504,8
2026-07-10 11:01:44,0,562,499,8
2026-07-10 11:01:45,0,565,509,8
2026-07-10 11:01:46,0,568,500,8
2026-07-10 11:01:47,0,568,508,8
2026-07-10 11:01:48,0,569,501,8
2026-07-10 11:01:49,0,570,506,8
2026-07-10 11:01:50,0,572,508,8
2026-07-10 11:01:51,0,571,502,8
2026-07-10 11:01:52,0,569,504,8
2026-07-10 11:01:53,0,572,506,8
2026-07-10 11:01:54,0,569,502,8
2026-07-10 11:01:55,0,570,505,8
2026-07-10 11:01:56,0,570,502,8
2026-07-10 11:01:57,0,570,500,8
2026-07-10 11:01:58,0,571,507,8
2026-07-10 11:01:59,0,574,504,8
2026-07-10 11:02:00,0,571,508,8
2026-07-10 11:02:01,0,572,508,8
2026-07-10 11:02:02,0,571,501,8
2026-07-10 11:02:03,0,570,502,8
2026-07-10 11:02:04,0,570,502,8
2026-07-10 11:02:05,0,570,503,8
2026-07-10 11:02:06,0,568,500,8
2026-07-10 11:02:07,0,568,510,8
2026-07-10 11:02:08,0,565,509,8
2026-07-10 11:02:09,0,559,507,8
2026-07-10 11:02:10,0,557,503,8
2026-07-10 11:02:11,0,557,500,8
2026-07-10 11:02:12,0,552,494,8
2026-07-10 11:02:13,0,555,492,8
2026-07-10 11:02:14,0,558,497,8
2026-07-10 11:02:15,0,560,494,8
2026-07-10 11:02:16,0,566,481,8
2026-07-10 11:02:17,0,564,483,8
2026-07-10 11:02:18,0,565,501,8
2026-07-10 11:02:19,0,567,500,8
2026-07-10 11:02:20,0,566,484,8
2026-07-10 11:02:21,0,572,501,8
2026-07-10 11:02:22,0,570,488,8
2026-07-10 11:02:23,0,569,497,8
2026-07-10 11:02:24,0,570,499,8
2026-07-10 11:02:25,0,567,508,8
2026-07-10 11:02:26,0,560,499,8
2026-07-10 11:02:27,0,563,510,8
2026-07-10 11:02:28,0,556,502,8
2026-07-10 11:02:29,0,561,508,8
2026-07-10 11:02:30,0,559,502,8
2026-07-10 11:02:31,0,567,501,8
2026-07-10 11:02:32,0,564,500,8
2026-07-10 11:02:33,0,565,497,8
2026-07-10 11:02:34,0,566,500,8
2026-07-10 11:02:35,0,568,494,8
2026-07-10 11:02:36,0,566,497,8
2026-07-10 11:02:37,0,568,498,8
2026-07-10 11:02:38,0,569,502,8
2026-07-10 11:02:39,0,569,497,8
2026-07-10 11:02:40,0,568,503,8
2026-07-10 11:02:41,0,568,502,8
2026-07-10 11:02:42,0,569,507,8
2026-07-10 11:02:43,0,567,500,8
2026-07-10 11:02:44,0,567,502,8
2026-07-10 11:02:45,0,565,504,8
2026-07-10 11:02:46,0,568,499,8
2026-07-10 11:02:47,0,566,500,8
2026-07-10 11:02:48,0,565,496,8
2026-07-10 11:02:49,0,565,503,8
2026-07-10 11:02:50,0,561,502,8
2026-07-10 11:02:51,0,562,508,8
2026-07-10 11:02:52,0,565,509,8
2026-07-10 11:02:53,0,564,510,8
2026-07-10 11:02:54,0,570,507,8
2026-07-10 11:02:55,0,569,495,8
2026-07-10 11:02:56,0,566,501,8
2026-07-10 11:02:57,0,570,490,8
2026-07-10 11:02:58,0,570,485,8
2026-07-10 11:02:59,0,567,497,8
2026-07-10 11:03:00,0,565,491,8
2026-07-10 11:03:01,0,561,479,8
2026-07-10 11:03:02,0,560,485,8
2026-07-10 11:03:03,0,556,485,8
2026-07-10 11:03:04,0,555,483,8
2026-07-10 11:03:05,0,554,496,8
2026-07-10 11:03:06,0,555,505,8
2026-07-10 11:03:07,0,559,509,8
2026-07-10 11:03:08,0,560,504,8
2026-07-10 11:03:09,0,567,507,8
2026-07-10 11:03:10,0,568,503,8
2026-07-10 11:03:11,0,566,500,8
2026-07-10 11:03:12,0,571,503,8
2026-07-10 11:03:13,0,569,500,8
2026-07-10 11:03:14,0,571,501,8
2026-07-10 11:03:15,0,568,502,8
2026-07-10 11:03:16,0,566,499,8
2026-07-10 11:03:17,0,567,502,8
2026-07-10 11:03:18,0,562,501,8
2026-07-10 11:03:19,0,565,495,8
2026-07-10 11:03:20,0,559,506,8
2026-07-10 11:03:21,0,564,502,8
2026-07-10 11:03:22,0,560,508,8
2026-07-10 11:03:23,0,560,504,8
2026-07-10 11:03:24,0,566,503,8
2026-07-10 11:03:25,0,565,507,8
2026-07-10 11:03:26,0,570,504,8
2026-07-10 11:03:27,0,569,496,8
2026-07-10 11:03:28,0,568,498,8
2026-07-10 11:03:29,0,572,494,8
2026-07-10 11:03:30,0,568,498,8
2026-07-10 11:03:31,0,569,506,8
2026-07-10 11:03:32,0,566,507,8
2026-07-10 11:03:33,0,568,507,8
2026-07-10 11:03:34,0,568,490,8
2026-07-10 11:03:35,0,566,497,8
2026-07-10 11:03:36,0,562,507,8
2026-07-10 11:03:37,0,559,503,8
2026-07-10 11:03:38,0,559,506,8
2026-07-10 11:03:39,0,564,507,8
2026-07-10 11:03:40,0,558,500,8
2026-07-10 11:03:41,0,558,497,8
2026-07-10 11:03:42,0,562,497,8
2026-07-10 11:03:43,0,561,495,8
2026-07-10 11:03:44,0,567,497,8
2026-07-10 11:03:45,0,569,502,8
2026-07-10 11:03:46,0,569,498,8
2026-07-10 11:03:47,0,567,501,8
2026-07-10 11:03:48,0,569,505,8
2026-07-10 11:03:49,0,570,498,8
2026-07-10 11:03:50,0,568,505,8
2026-07-10 11:03:51,0,571,502,8
2026-07-10 11:03:52,0,568,501,8
2026-07-10 11:03:53,0,564,506,8
2026-07-10 11:03:54,0,562,506,8
2026-07-10 11:03:55,0,558,518,8
2026-07-10 11:03:56,0,557,499,8
2026-07-10 11:03:57,0,552,498,8
2026-07-10 11:03:58,0,554,499,8
2026-07-10 11:03:59,0,551,498,8
2026-07-10 11:04:00,0,554,489,8
2026-07-10 11:04:01,0,557,493,8
2026-07-10 11:04:02,0,560,488,8
2026-07-10 11:04:03,0,562,488,8
2026-07-10 11:04:04,0,564,499,8
2026-07-10 11:04:06,0,565,493,8
2026-07-10 11:04:06,0,567,489,8
2026-07-10 11:04:07,0,567,501,8
2026-07-10 11:04:08,0,568,502,8
2026-07-10 11:04:09,0,570,506,8
2026-07-10 11:04:10,0,567,509,8
2026-07-10 11:04:11,0,564,503,8
2026-07-10 11:04:12,0,565,504,8
2026-07-10 11:04:13,0,561,494,8
2026-07-10 11:04:14,0,563,507,8
2026-07-10 11:04:15,0,562,500,8
2026-07-10 11:04:16,0,563,499,8
2026-07-10 11:04:17,0,564,497,8
2026-07-10 11:04:18,0,566,495,8
2026-07-10 11:04:19,0,564,495,8
2026-07-10 11:04:20,0,570,502,8
2026-07-10 11:04:21,0,567,502,8
2026-07-10 11:04:22,0,569,498,8
2026-07-10 11:04:23,0,568,503,8
2026-07-10 11:04:24,0,567,505,8
2026-07-10 11:04:25,0,566,502,8
2026-07-10 11:04:26,0,562,498,8
2026-07-10 11:04:27,0,560,512,8
2026-07-10 11:04:28,0,556,494,8
2026-07-10 11:04:29,0,555,502,8
2026-07-10 11:04:30,0,554,504,8
2026-07-10 11:04:31,0,555,490,8
2026-07-10 11:04:32,0,559,496,8
2026-07-10 11:04:33,0,559,478,8
2026-07-10 11:04:34,0,562,489,8
2026-07-10 11:04:35,0,564,487,8
2026-07-10 11:04:36,0,564,478,8
2026-07-10 11:04:37,0,564,492,8
2026-07-10 11:04:38,0,566,502,8
2026-07-10 11:04:39,0,567,500,8
2026-07-10 11:04:40,0,568,486,8
2026-07-10 11:04:41,0,566,489,8
2026-07-10 11:04:42,0,566,500,8
2026-07-10 11:04:43,0,563,496,8
2026-07-10 11:04:44,0,567,493,8
2026-07-10 11:04:45,0,567,497,8
2026-07-10 11:04:46,0,557,505,8
2026-07-10 11:04:47,0,561,511,8
2026-07-10 11:04:48,0,559,502,8
2026-07-10 11:04:49,0,555,499,8
2026-07-10 11:04:50,0,557,500,8
2026-07-10 11:04:51,0,564,497,8
2026-07-10 11:04:52,0,561,496,8
2026-07-10 11:04:53,0,565,497,8
2026-07-10 11:04:54,0,568,505,8
2026-07-10 11:04:55,0,569,507,8
2026-07-10 11:04:56,0,571,502,8
2026-07-10 11:04:57,0,569,498,8
2026-07-10 11:04:58,0,569,497,8
2026-07-10 11:04:59,0,566,501,8
2026-07-10 11:05:00,0,568,502,8
2026-07-10 11:05:01,0,564,502,8
2026-07-10 11:05:02,0,564,506,8
2026-07-10 11:05:03,0,561,505,8
2026-07-10 11:05:04,0,556,509,8
2026-07-10 11:05:05,0,553,495,8
2026-07-10 11:05:06,0,554,502,8
2026-07-10 11:05:07,0,555,497,8
2026-07-10 11:05:08,0,552,502,8
2026-07-10 11:05:09,0,555,490,8
2026-07-10 11:05:10,0,558,480,8
2026-07-10 11:05:11,0,559,476,8
2026-07-10 11:05:12,0,562,479,8
2026-07-10 11:05:13,0,565,488,8
2026-07-10 11:05:14,0,564,487,8
2026-07-10 11:05:15,0,568,492,8
2026-07-10 11:05:16,0,565,492,8
2026-07-10 11:05:17,0,565,499,8
2026-07-10 11:05:18,0,569,483,8
2026-07-10 11:05:19,0,566,497,8
2026-07-10 11:05:20,0,568,486,8
2026-07-10 11:05:21,0,567,491,8
2026-07-10 11:05:22,0,567,483,8
2026-07-10 11:05:23,0,569,498,8
2026-07-10 11:05:24,0,566,493,8
2026-07-10 11:05:25,0,568,502,8
2026-07-10 11:05:26,0,563,504,8
2026-07-10 11:05:27,0,566,498,8
2026-07-10 11:05:28,0,563,495,8
2026-07-10 11:05:29,0,566,500,8
2026-07-10 11:05:30,0,568,504,8
2026-07-10 11:05:31,0,567,496,8
2026-07-10 11:05:32,0,562,501,8
2026-07-10 11:05:33,0,564,504,8
2026-07-10 11:05:34,0,560,508,8
2026-07-10 11:05:35,0,562,506,8
2026-07-10 11:05:36,0,558,503,8
2026-07-10 11:05:37,0,556,506,8
2026-07-10 11:05:38,0,555,501,8
2026-07-10 11:05:39,0,557,502,8
2026-07-10 11:05:40,0,560,503,8
2026-07-10 11:05:41,0,559,499,8
2026-07-10 11:05:42,0,553,502,8
2026-07-10 11:05:43,0,558,494,8
2026-07-10 11:05:44,0,559,505,8
2026-07-10 11:05:45,0,562,503,8
2026-07-10 11:05:46,0,557,500,8
2026-07-10 11:05:47,0,556,498,8
2026-07-10 11:05:48,0,558,493,8
2026-07-10 11:05:49,0,559,495,8
2026-07-10 11:05:50,0,561,487,8
2026-07-10 11:05:51,0,562,497,8
2026-07-10 11:05:52,0,559,500,8
2026-07-10 11:05:53,0,561,500,8
2026-07-10 11:05:54,0,562,498,8
2026-07-10 11:05:55,0,563,497,8
2026-07-10 11:05:56,0,562,500,8
2026-07-10 11:05:57,0,566,494,8
2026-07-10 11:05:58,0,562,502,8
2026-07-10 11:05:59,0,563,494,8
2026-07-10 11:06:00,0,562,491,8
2026-07-10 11:06:01,0,561,493,8
2026-07-10 11:06:02,0,559,496,8
2026-07-10 11:06:03,0,561,491,8
2026-07-10 11:06:04,0,558,496,8
2026-07-10 11:06:05,0,562,496,8
2026-07-10 11:06:06,0,557,501,8
2026-07-10 11:06:07,0,555,497,8
2026-07-10 11:06:08,0,563,501,8
2026-07-10 11:06:09,0,560,501,8
2026-07-10 11:06:10,0,556,501,8
2026-07-10 11:06:11,0,562,504,8
2026-07-10 11:06:12,0,555,503,8
2026-07-10 11:06:13,0,564,494,8
2026-07-10 11:06:14,0,565,503,8
2026-07-10 11:06:15,0,568,496,8
2026-07-10 11:06:16,0,564,488,8
2026-07-10 11:06:17,0,566,486,8
2026-07-10 11:06:18,0,564,481,8
2026-07-10 11:06:19,0,565,484,8
2026-07-10 11:06:20,0,563,493,8
2026-07-10 11:06:21,0,564,500,8
2026-07-10 11:06:22,0,559,484,8
2026-07-10 11:06:23,0,559,487,8
2026-07-10 11:06:24,0,553,482,8
2026-07-10 11:06:25,0,552,499,8
2026-07-10 11:06:26,0,555,496,8
2026-07-10 11:06:27,0,558,507,8
2026-07-10 11:06:28,0,560,503,8
2026-07-10 11:06:29,0,564,510,8
2026-07-10 11:06:30,0,563,500,8
2026-07-10 11:06:31,0,567,503,8
2026-07-10 11:06:32,0,565,495,8
2026-07-10 11:06:33,0,569,498,8
2026-07-10 11:06:34,0,569,497,8
2026-07-10 11:06:35,0,566,503,8
2026-07-10 11:06:36,0,566,502,8
2026-07-10 11:06:37,0,562,497,8
2026-07-10 11:06:38,0,562,495,8
2026-07-10 11:06:39,0,557,501,8
2026-07-10 11:06:40,0,558,500,8
2026-07-10 11:06:41,0,558,505,8
2026-07-10 11:06:42,0,557,499,8
2026-07-10 11:06:43,0,563,511,8
2026-07-10 11:06:44,0,557,511,8
2026-07-10 11:06:45,0,559,500,8
2026-07-10 11:06:46,0,565,496,8
2026-07-10 11:06:47,0,564,495,8
2026-07-10 11:06:48,0,570,509,8
2026-07-10 11:06:49,0,569,494,8
2026-07-10 11:06:50,0,568,489,8
2026-07-10 11:06:51,0,568,488,8
2026-07-10 11:06:52,0,567,479,8
2026-07-10 11:06:53,0,564,501,8
2026-07-10 11:06:54,0,565,502,8
2026-07-10 11:06:55,0,563,506,8
2026-07-10 11:06:56,0,563,485,8
2026-07-10 11:06:57,0,558,499,8
2026-07-10 11:06:58,0,562,506,8
2026-07-10 11:06:59,0,561,492,8
2026-07-10 11:07:00,0,560,502,8
2026-07-10 11:07:01,0,561,495,8
2026-07-10 11:07:02,0,562,491,8
2026-07-10 11:07:03,0,562,491,8
2026-07-10 11:07:04,0,560,484,8
2026-07-10 11:07:05,0,561,494,8
2026-07-10 11:07:06,0,563,494,8
2026-07-10 11:07:07,0,561,496,8
2026-07-10 11:07:08,0,563,490,8
2026-07-10 11:07:09,0,564,489,8
2026-07-10 11:07:10,0,563,497,8
2026-07-10 11:07:11,0,565,493,8
2026-07-10 11:07:12,0,565,504,8
2026-07-10 11:07:13,0,563,497,8
2026-07-10 11:07:14,0,564,493,8
2026-07-10 11:07:15,0,564,491,8
2026-07-10 11:07:16,0,567,485,8
2026-07-10 11:07:17,0,567,487,8
2026-07-10 11:07:18,0,564,487,8
2026-07-10 11:07:19,0,567,487,8
2026-07-10 11:07:20,0,565,490,8
2026-07-10 11:07:21,0,564,494,8
2026-07-10 11:07:22,0,563,498,8
2026-07-10 11:07:23,0,567,507,8
2026-07-10 11:07:24,0,564,505,8
2026-07-10 11:07:25,0,564,510,8
2026-07-10 11:07:26,0,558,505,8
2026-07-10 11:07:27,0,562,505,8
2026-07-10 11:07:28,0,560,496,8
2026-07-10 11:07:29,0,558,493,8
2026-07-10 11:07:30,0,560,505,8
2026-07-10 11:07:31,0,560,500,8
2026-07-10 11:07:32,0,552,502,8
2026-07-10 11:07:33,0,557,502,8
2026-07-10 11:07:34,0,552,500,8
2026-07-10 11:07:35,0,557,503,8
2026-07-10 11:07:36,0,555,502,8
2026-07-10 11:07:37,0,555,501,8
2026-07-10 11:07:38,0,566,492,8
2026-07-10 11:07:39,0,562,507,8
2026-07-10 11:07:40,0,564,502,8
2026-07-10 11:07:41,0,566,507,8
2026-07-10 11:07:42,0,562,509,8
2026-07-10 11:07:43,0,568,489,8
2026-07-10 11:07:44,0,566,490,8
2026-07-10 11:07:45,0,570,483,8
2026-07-10 11:07:46,0,563,488,8
2026-07-10 11:07:47,0,565,498,8
2026-07-10 11:07:48,0,563,486,8
2026-07-10 11:07:49,0,564,480,8
2026-07-10 11:07:50,0,559,487,8
2026-07-10 11:07:51,0,555,488,8
2026-07-10 11:07:52,0,555,482,8
2026-07-10 11:07:53,0,551,480,8
2026-07-10 11:07:54,0,553,495,8
2026-07-10 11:07:55,0,556,506,8
2026-07-10 11:07:56,0,557,513,8
2026-07-10 11:07:57,0,564,505,8
2026-07-10 11:07:58,0,565,504,8
2026-07-10 11:07:59,0,567,505,8
2026-07-10 11:08:00,0,567,498,8
2026-07-10 11:08:01,0,568,500,8
2026-07-10 11:08:02,0,567,503,8
2026-07-10 11:08:03,0,568,506,8
2026-07-10 11:08:04,0,565,504,8
2026-07-10 11:08:05,0,566,492,8
2026-07-10 11:08:06,0,562,491,8
2026-07-10 11:08:07,0,556,495,8
2026-07-10 11:08:08,0,558,501,8
2026-07-10 11:08:09,0,559,499,8
2026-07-10 11:08:10,0,554,507,8
2026-07-10 11:08:11,0,561,499,8
2026-07-10 11:08:12,0,568,502,8
2026-07-10 11:08:13,0,564,495,8
2026-07-10 11:08:14,0,569,485,8
2026-07-10 11:08:15,0,563,491,8
2026-07-10 11:08:16,0,568,493,8
2026-07-10 11:08:17,0,563,496,8
2026-07-10 11:08:18,0,563,498,8
2026-07-10 11:08:19,0,562,486,8
2026-07-10 11:08:20,0,559,482,8
2026-07-10 11:08:21,0,558,485,8
2026-07-10 11:08:22,0,557,485,8
2026-07-10 11:08:23,0,554,497,8
2026-07-10 11:08:24,0,552,495,8
2026-07-10 11:08:25,0,551,498,8
2026-07-10 11:08:26,0,553,497,8
2026-07-10 11:08:27,0,555,498,8
2026-07-10 11:08:28,0,557,513,8
2026-07-10 11:08:29,0,560,504,8
2026-07-10 11:08:30,0,560,498,8
2026-07-10 11:08:31,0,563,500,8
2026-07-10 11:08:32,0,566,495,8
2026-07-10 11:08:33,0,566,505,8
2026-07-10 11:08:34,0,567,503,8
2026-07-10 11:08:35,0,565,502,8
2026-07-10 11:08:36,0,569,501,8
2026-07-10 11:08:37,0,565,498,8
2026-07-10 11:08:38,0,570,496,8
2026-07-10 11:08:39,0,570,499,8
2026-07-10 11:08:40,0,568,497,8
2026-07-10 11:08:41,0,568,496,8
2026-07-10 11:08:42,0,558,490,8
2026-07-10 11:08:43,0,565,495,8
2026-07-10 11:08:44,0,566,493,8
2026-07-10 11:08:45,0,563,496,8
2026-07-10 11:08:46,0,564,495,8
2026-07-10 11:08:47,0,567,491,8
2026-07-10 11:08:48,0,563,498,8
2026-07-10 11:08:49,0,564,502,8
2026-07-10 11:08:50,0,566,493,8
2026-07-10 11:08:51,0,567,501,8
2026-07-10 11:08:52,0,567,495,8
2026-07-10 11:08:53,0,568,497,8
2026-07-10 11:08:54,0,568,504,8
2026-07-10 11:08:55,0,568,502,8
2026-07-10 11:08:56,0,566,505,8
2026-07-10 11:08:57,0,563,505,8
2026-07-10 11:08:58,0,560,503,8
2026-07-10 11:08:59,0,556,506,8
2026-07-10 11:09:00,0,553,495,8
2026-07-10 11:09:01,0,554,485,8
2026-07-10 11:09:02,0,552,494,8
2026-07-10 11:09:03,0,553,500,8
2026-07-10 11:09:04,0,558,497,8
2026-07-10 11:09:05,0,559,492,8
2026-07-10 11:09:06,0,560,496,8
2026-07-10 11:09:07,0,563,479,8
2026-07-10 11:09:08,0,563,494,8
2026-07-10 11:09:09,0,566,482,8
2026-07-10 11:09:10,0,568,484,8
2026-07-10 11:09:11,0,567,492,8
2026-07-10 11:09:12,0,566,488,8
2026-07-10 11:09:13,0,560,495,8
2026-07-10 11:09:14,0,564,493,8
2026-07-10 11:09:15,0,557,499,8
2026-07-10 11:09:16,0,557,508,8
2026-07-10 11:09:17,0,554,506,8
2026-07-10 11:09:18,0,554,506,8
2026-07-10 11:09:19,0,558,496,8
2026-07-10 11:09:20,0,564,498,8
2026-07-10 11:09:21,0,560,500,8
2026-07-10 11:09:22,0,566,494,8
2026-07-10 11:09:23,0,562,498,8
2026-07-10 11:09:24,0,565,505,8
2026-07-10 11:09:25,0,565,495,8
2026-07-10 11:09:26,0,566,500,8
2026-07-10 11:09:27,0,568,497,8
2026-07-10 11:09:28,0,566,503,8
2026-07-10 11:09:29,0,570,501,8
2026-07-10 11:09:30,0,570,500,8
2026-07-10 11:09:31,0,571,502,8
2026-07-10 11:09:32,0,567,502,8
2026-07-10 11:09:33,0,566,499,8
2026-07-10 11:09:34,0,567,502,8
2026-07-10 11:09:35,0,569,500,8
2026-07-10 11:09:36,0,568,499,8
2026-07-10 11:09:37,0,571,502,8
2026-07-10 11:09:38,0,568,496,8
2026-07-10 11:09:39,0,567,503,8
2026-07-10 11:09:40,0,567,498,8
2026-07-10 11:09:41,0,569,499,8
2026-07-10 11:09:42,0,565,495,8
2026-07-10 11:09:43,0,566,505,8
2026-07-10 11:09:44,0,566,506,8
2026-07-10 11:09:45,0,568,501,8
2026-07-10 11:09:46,0,561,496,8
2026-07-10 11:09:47,0,565,504,8
2026-07-10 11:09:48,0,562,501,8
2026-07-10 11:09:49,0,559,503,8
2026-07-10 11:09:50,0,557,496,8
2026-07-10 11:09:51,0,555,508,8
2026-07-10 11:09:52,0,554,501,8
2026-07-10 11:09:53,0,556,500,8
2026-07-10 11:09:54,0,549,484,8
2026-07-10 11:09:55,0,550,493,8
2026-07-10 11:09:56,0,554,484,8
2026-07-10 11:09:57,0,556,495,8
2026-07-10 11:09:58,0,558,476,8
2026-07-10 11:09:59,0,559,491,8
2026-07-10 11:10:00,0,564,481,8
2026-07-10 11:10:01,0,562,495,8
2026-07-10 11:10:02,0,566,481,8
2026-07-10 11:10:03,0,565,489,8
2026-07-10 11:10:04,0,563,497,8
2026-07-10 11:10:05,0,565,495,8
2026-07-10 11:10:06,0,565,493,8
2026-07-10 11:10:07,0,558,495,8
2026-07-10 11:10:08,0,563,507,8
2026-07-10 11:10:09,0,557,502,8
2026-07-10 11:10:10,0,561,503,8
2026-07-10 11:10:11,0,562,506,8
2026-07-10 11:10:12,0,560,501,8
2026-07-10 11:10:13,0,558,505,8
2026-07-10 11:10:14,0,557,500,8
2026-07-10 11:10:15,0,554,495,8
2026-07-10 11:10:16,0,555,497,8
2026-07-10 11:10:17,0,553,493,8
2026-07-10 11:10:18,0,559,495,8
2026-07-10 11:10:19,0,558,497,8
2026-07-10 11:10:20,0,561,497,8
2026-07-10 11:10:21,0,559,494,8
2026-07-10 11:10:22,0,560,496,8
2026-07-10 11:10:23,0,557,495,8
2026-07-10 11:10:24,0,558,496,8
2026-07-10 11:10:25,0,560,493,8
2026-07-10 11:10:26,0,562,498,8
2026-07-10 11:10:27,0,562,499,8
2026-07-10 11:10:28,0,558,498,8
2026-07-10 11:10:29,0,558,496,8
2026-07-10 11:10:30,0,556,496,8
2026-07-10 11:10:31,0,557,505,8
2026-07-10 11:10:32,0,559,502,8
2026-07-10 11:10:33,0,556,497,8
2026-07-10 11:10:34,0,562,503,8
2026-07-10 11:10:35,0,564,502,8
2026-07-10 11:10:36,0,560,498,8
2026-07-10 11:10:37,0,562,501,8
2026-07-10 11:10:38,0,564,497,8
2026-07-10 11:10:39,0,566,488,8
2026-07-10 11:10:40,0,569,485,8
2026-07-10 11:10:41,0,565,488,8
2026-07-10 11:10:42,0,564,492,8
2026-07-10 11:10:43,0,566,493,8
2026-07-10 11:10:44,0,565,492,8
2026-07-10 11:10:45,0,562,496,8
2026-07-10 11:10:46,0,561,481,8
2026-07-10 11:10:47,0,561,478,8
2026-07-10 11:10:48,0,560,480,8
2026-07-10 11:10:49,0,556,480,8
2026-07-10 11:10:50,0,556,485,8
2026-07-10 11:10:51,0,555,492,8
2026-07-10 11:10:52,0,554,476,8
2026-07-10 11:10:53,0,551,489,8
2026-07-10 11:10:54,0,553,489,8
2026-07-10 11:10:55,0,552,489,8
2026-07-10 11:10:56,0,550,482,8
2026-07-10 11:10:57,0,552,488,8
2026-07-10 11:10:58,0,551,482,8
2026-07-10 11:10:59,0,550,485,8
2026-07-10 11:11:00,0,552,492,8
2026-07-10 11:11:01,0,552,492,8
2026-07-10 11:11:02,0,551,488,8
2026-07-10 11:11:03,0,550,485,8
2026-07-10 11:11:04,0,552,477,8
2026-07-10 11:11:05,0,554,496,8
2026-07-10 11:11:06,0,553,481,8
2026-07-10 11:11:07,0,553,487,8
2026-07-10 11:11:08,0,556,485,8
2026-07-10 11:11:09,0,555,478,8
2026-07-10 11:11:10,0,556,489,8
2026-07-10 11:11:11,0,556,488,8
2026-07-10 11:11:12,0,560,487,8
2026-07-10 11:11:13,0,557,495,8
2026-07-10 11:11:14,0,559,479,8
2026-07-10 11:11:15,0,558,475,8
2026-07-10 11:11:16,0,559,482,8
2026-07-10 11:11:17,0,560,485,8
2026-07-10 11:11:18,0,560,485,8
2026-07-10 11:11:19,0,561,480,8
2026-07-10 11:11:20,0,562,488,8
2026-07-10 11:11:21,0,559,486,8
2026-07-10 11:11:22,0,560,485,8
2026-07-10 11:11:23,0,562,491,8
2026-07-10 11:11:24,0,562,485,8
2026-07-10 11:11:25,0,563,482,8
2026-07-10 11:11:26,0,562,490,8
2026-07-10 11:11:27,0,564,483,8
2026-07-10 11:11:28,0,565,490,8
2026-07-10 11:11:29,0,568,484,8
2026-07-10 11:11:30,0,566,503,8
2026-07-10 11:11:31,0,564,494,8
2026-07-10 11:11:32,0,560,504,8
2026-07-10 11:11:33,0,557,499,8
2026-07-10 11:11:34,0,556,505,8
2026-07-10 11:11:35,0,555,501,8
2026-07-10 11:11:36,0,560,495,8
2026-07-10 11:11:37,0,560,497,8
2026-07-10 11:11:38,0,559,497,8
2026-07-10 11:11:39,0,564,494,8
2026-07-10 11:11:40,0,566,497,8
2026-07-10 11:11:41,0,568,500,8
2026-07-10 11:11:42,0,567,500,8
2026-07-10 11:11:43,0,565,501,8
2026-07-10 11:11:44,0,565,496,8
2026-07-10 11:11:45,0,564,503,8
2026-07-10 11:11:46,0,563,498,8
2026-07-10 11:11:47,0,557,510,8
2026-07-10 11:11:48,0,555,502,8
2026-07-10 11:11:49,0,554,505,8
2026-07-10 11:11:50,0,554,488,8
2026-07-10 11:11:51,0,552,488,8
2026-07-10 11:11:52,0,553,491,8
2026-07-10 11:11:53,0,555,490,8
2026-07-10 11:11:54,0,557,475,8
2026-07-10 11:11:55,0,562,486,8
2026-07-10 11:11:56,0,561,486,8
2026-07-10 11:11:57,0,562,493,8
2026-07-10 11:11:58,0,567,480,8
2026-07-10 11:11:59,0,563,497,8
2026-07-10 11:12:00,0,569,499,8
2026-07-10 11:12:01,0,567,508,8
2026-07-10 11:12:02,0,561,497,8
2026-07-10 11:12:03,0,564,503,8
2026-07-10 11:12:04,0,558,503,8
2026-07-10 11:12:05,0,559,501,8
2026-07-10 11:12:06,0,556,504,8
2026-07-10 11:12:07,0,553,499,8
2026-07-10 11:12:08,0,560,503,8
2026-07-10 11:12:09,0,558,495,8
2026-07-10 11:12:10,0,563,492,8
2026-07-10 11:12:11,0,562,500,8
2026-07-10 11:12:12,0,564,505,8
2026-07-10 11:12:13,0,569,505,8
2026-07-10 11:12:14,0,568,500,8
2026-07-10 11:12:15,0,566,498,8
2026-07-10 11:12:16,0,566,504,8
2026-07-10 11:12:17,0,566,505,8
2026-07-10 11:12:18,0,566,498,8
2026-07-10 11:12:19,0,561,506,8
2026-07-10 11:12:20,0,556,506,8
2026-07-10 11:12:21,0,552,502,8
2026-07-10 11:12:22,0,555,501,8
2026-07-10 11:12:23,0,549,494,8
2026-07-10 11:12:24,0,554,497,8
2026-07-10 11:12:25,0,555,497,8
2026-07-10 11:12:26,0,558,483,8
2026-07-10 11:12:27,0,558,488,8
2026-07-10 11:12:28,0,561,491,8
2026-07-10 11:12:29,0,562,498,8
2026-07-10 11:12:30,0,563,495,8
2026-07-10 11:12:31,0,566,486,8
2026-07-10 11:12:32,0,566,493,8
2026-07-10 11:12:33,0,565,500,8
2026-07-10 11:12:34,0,566,495,8
2026-07-10 11:12:35,0,558,505,8
2026-07-10 11:12:36,0,562,507,8
2026-07-10 11:12:37,0,558,494,8
2026-07-10 11:12:38,0,557,505,8
2026-07-10 11:12:39,0,559,502,8
2026-07-10 11:12:40,0,559,500,8
2026-07-10 11:12:41,0,556,497,8
2026-07-10 11:12:42,0,560,492,8
2026-07-10 11:12:43,0,560,494,8
2026-07-10 11:12:44,0,563,494,8
2026-07-10 11:12:45,0,565,501,8
2026-07-10 11:12:46,0,566,503,8
2026-07-10 11:12:47,0,565,496,8
2026-07-10 11:12:48,0,569,501,8
2026-07-10 11:12:49,0,565,498,8
2026-07-10 11:12:50,0,566,499,8
2026-07-10 11:12:51,0,567,500,8
2026-07-10 11:12:52,0,565,503,8
2026-07-10 11:12:53,0,564,503,8
2026-07-10 11:12:54,0,564,501,8
2026-07-10 11:12:55,0,563,497,8
2026-07-10 11:12:56,0,564,502,8
2026-07-10 11:12:57,0,564,500,8
2026-07-10 11:12:58,0,565,497,8
2026-07-10 11:12:59,0,564,500,8
2026-07-10 11:13:00,0,561,497,8
2026-07-10 11:13:01,0,565,494,8
2026-07-10 11:13:02,0,565,498,8
2026-07-10 11:13:03,0,563,503,8
2026-07-10 11:13:04,0,563,494,8
2026-07-10 11:13:05,0,562,498,8
2026-07-10 11:13:06,0,564,500,8
2026-07-10 11:13:07,0,564,502,8
2026-07-10 11:13:08,0,561,497,8
2026-07-10 11:13:09,0,560,503,8
2026-07-10 11:13:10,0,562,505,8
2026-07-10 11:13:11,0,562,497,8
2026-07-10 11:13:12,0,564,508,8
2026-07-10 11:13:13,0,565,501,8
2026-07-10 11:13:14,0,564,496,8
2026-07-10 11:13:15,0,564,496,8
2026-07-10 11:13:16,0,566,496,8
2026-07-10 11:13:17,0,566,502,8
2026-07-10 11:13:18,0,566,499,8
2026-07-10 11:13:19,0,565,497,8
2026-07-10 11:13:20,0,561,496,8
2026-07-10 11:13:21,0,564,495,8
2026-07-10 11:13:22,0,556,494,8
2026-07-10 11:13:23,0,558,501,8
2026-07-10 11:13:24,0,551,502,8
2026-07-10 11:13:25,0,551,504,8
2026-07-10 11:13:26,0,553,503,8
2026-07-10 11:13:27,0,559,504,8
2026-07-10 11:13:28,0,561,507,8
2026-07-10 11:13:29,0,559,508,8
2026-07-10 11:13:30,0,564,495,8
2026-07-10 11:13:31,0,564,486,8
2026-07-10 11:13:32,0,563,488,8
2026-07-10 11:13:33,0,563,487,8
2026-07-10 11:13:34,0,564,499,8
2026-07-10 11:13:35,0,560,488,8
2026-07-10 11:13:36,0,557,481,8
2026-07-10 11:13:37,0,557,497,8
2026-07-10 11:13:38,0,556,489,8
2026-07-10 11:13:39,0,553,494,8
2026-07-10 11:13:40,0,552,502,8
2026-07-10 11:13:41,0,551,504,8
2026-07-10 11:13:42,0,553,496,8
2026-07-10 11:13:43,0,556,507,8
2026-07-10 11:13:44,0,559,507,8
2026-07-10 11:13:45,0,560,509,8
2026-07-10 11:13:46,0,567,501,8
2026-07-10 11:13:47,0,566,498,8
2026-07-10 11:13:48,0,565,502,8
2026-07-10 11:13:49,0,566,500,8
2026-07-10 11:13:50,0,565,498,8
2026-07-10 11:13:51,0,565,497,8
2026-07-10 11:13:52,0,563,501,8
2026-07-10 11:13:53,0,559,494,8
2026-07-10 11:13:54,0,560,498,8
2026-07-10 11:13:55,0,561,499,8
2026-07-10 11:13:56,0,551,498,8
2026-07-10 11:13:57,0,555,501,8
2026-07-10 11:13:58,0,551,498,8
2026-07-10 11:13:59,0,557,495,8
2026-07-10 11:14:00,0,555,503,8
2026-07-10 11:14:01,0,559,506,8
2026-07-10 11:14:02,0,556,500,8
2026-07-10 11:14:03,0,560,499,8
2026-07-10 11:14:04,0,567,489,8
2026-07-10 11:14:05,0,563,493,8
2026-07-10 11:14:06,0,564,486,8
2026-07-10 11:14:07,0,565,490,8
2026-07-10 11:14:08,0,563,484,8
2026-07-10 11:14:09,0,562,485,8
2026-07-10 11:14:10,0,562,487,8
2026-07-10 11:14:11,0,559,491,8
2026-07-10 11:14:12,0,557,502,8
2026-07-10 11:14:13,0,557,489,8
2026-07-10 11:14:14,0,554,496,8
2026-07-10 11:14:15,0,551,498,8
2026-07-10 11:14:16,0,550,496,8
2026-07-10 11:14:17,0,549,506,8
2026-07-10 11:14:18,0,552,506,8
2026-07-10 11:14:19,0,557,507,8
2026-07-10 11:14:20,0,559,500,8
2026-07-10 11:14:21,0,562,504,8
2026-07-10 11:14:22,0,564,496,8
2026-07-10 11:14:23,0,562,497,8
2026-07-10 11:14:24,0,567,495,8
2026-07-10 11:14:25,0,565,504,8
2026-07-10 11:14:26,0,564,502,8
2026-07-10 11:14:27,0,563,491,8
2026-07-10 11:14:28,0,561,505,8
2026-07-10 11:14:29,0,558,495,8
2026-07-10 11:14:30,0,560,500,8
2026-07-10 11:14:31,0,557,504,8
2026-07-10 11:14:32,0,559,500,8
2026-07-10 11:14:33,0,553,501,8
2026-07-10 11:14:34,0,556,499,8
2026-07-10 11:14:35,0,562,494,8
2026-07-10 11:14:36,0,567,493,8
2026-07-10 11:14:37,0,565,493,8
2026-07-10 11:14:38,0,563,489,8
2026-07-10 11:14:39,0,563,489,8
2026-07-10 11:14:40,0,561,491,8
2026-07-10 11:14:41,0,561,494,8
2026-07-10 11:14:42,0,555,475,8
2026-07-10 11:14:43,0,557,478,8
2026-07-10 11:14:44,0,548,494,8
2026-07-10 11:14:45,0,551,501,8
2026-07-10 11:14:46,0,550,491,8
2026-07-10 11:14:47,0,555,508,8
2026-07-10 11:14:48,0,554,504,8
2026-07-10 11:14:49,0,558,513,8
2026-07-10 11:14:50,0,560,502,8
2026-07-10 11:14:51,0,563,496,8
2026-07-10 11:14:52,0,562,500,8
2026-07-10 11:14:53,0,564,498,8
2026-07-10 11:14:54,0,566,501,8
2026-07-10 11:14:55,0,564,497,8
2026-07-10 11:14:56,0,563,494,8
2026-07-10 11:14:57,0,560,494,8
2026-07-10 11:14:58,0,559,499,8
2026-07-10 11:14:59,0,558,500,8
2026-07-10 11:15:00,0,555,497,8
2026-07-10 11:15:01,0,555,499,8
2026-07-10 11:15:02,0,555,503,8
2026-07-10 11:15:03,0,556,498,8
2026-07-10 11:15:04,0,553,499,8
2026-07-10 11:15:05,0,564,501,8
2026-07-10 11:15:06,0,561,499,8
2026-07-10 11:15:07,0,563,493,8
2026-07-10 11:15:08,0,559,493,8
2026-07-10 11:15:09,0,563,497,8
2026-07-10 11:15:10,0,562,500,8
2026-07-10 11:15:11,0,559,485,8
2026-07-10 11:15:12,0,560,494,8
2026-07-10 11:15:13,0,562,490,8
2026-07-10 11:15:14,0,560,501,8
2026-07-10 11:15:15,0,559,493,8
2026-07-10 11:15:16,0,558,489,8
2026-07-10 11:15:17,0,552,481,8
2026-07-10 11:15:18,0,557,493,8
2026-07-10 11:15:19,0,555,492,8
2026-07-10 11:15:20,0,554,496,8
2026-07-10 11:15:21,0,553,496,8
2026-07-10 11:15:22,0,551,491,8
2026-07-10 11:15:23,0,550,493,8
2026-07-10 11:15:24,0,554,488,8
2026-07-10 11:15:25,0,551,501,8
2026-07-10 11:15:26,0,550,499,8
2026-07-10 11:15:27,0,548,504,8
2026-07-10 11:15:28,0,552,496,8
2026-07-10 11:15:29,0,550,501,8
2026-07-10 11:15:30,0,549,493,8
2026-07-10 11:15:31,0,548,493,8
2026-07-10 11:15:32,0,549,493,8
2026-07-10 11:15:33,0,549,486,8
2026-07-10 11:15:34,0,552,496,8
2026-07-10 11:15:35,0,554,502,8
2026-07-10 11:15:36,0,552,493,8
2026-07-10 11:15:37,0,552,507,8
2026-07-10 11:15:38,0,551,500,8
2026-07-10 11:15:39,0,549,505,8
2026-07-10 11:15:40,0,552,510,8
2026-07-10 11:15:41,0,555,501,8
2026-07-10 11:15:42,0,551,504,8
2026-07-10 11:15:43,0,550,504,8
2026-07-10 11:15:44,0,550,501,8
2026-07-10 11:15:45,0,551,497,8
2026-07-10 11:15:46,0,552,502,8
2026-07-10 11:15:47,0,548,502,8
2026-07-10 11:15:48,0,550,491,8
2026-07-10 11:15:49,0,551,502,8
2026-07-10 11:15:50,0,555,505,8
2026-07-10 11:15:51,0,554,503,8
2026-07-10 11:15:52,0,554,510,8
2026-07-10 11:15:53,0,553,505,8
2026-07-10 11:15:54,0,552,500,8
2026-07-10 11:15:55,0,554,496,8
2026-07-10 11:15:56,0,556,503,8
2026-07-10 11:15:57,0,552,514,8
2026-07-10 11:15:58,0,553,503,8
2026-07-10 11:15:59,0,552,507,8
2026-07-10 11:16:00,0,552,503,8
2026-07-10 11:16:01,0,551,499,8
2026-07-10 11:16:02,0,550,497,8
2026-07-10 11:16:03,0,551,498,8
2026-07-10 11:16:04,0,551,507,8
2026-07-10 11:16:05,0,551,496,8
2026-07-10 11:16:06,0,549,495,8
2026-07-10 11:16:07,0,550,497,8
2026-07-10 11:16:08,0,552,487,8
2026-07-10 11:16:09,0,555,496,8
2026-07-10 11:16:10,0,555,492,8
2026-07-10 11:16:11,0,555,482,8
2026-07-10 11:16:12,0,557,493,8
2026-07-10 11:16:13,0,559,484,8
2026-07-10 11:16:14,0,560,498,8
2026-07-10 11:16:15,0,561,489,8
2026-07-10 11:16:16,0,560,489,8
2026-07-10 11:16:17,0,561,497,8
2026-07-10 11:16:18,0,561,496,8
2026-07-10 11:16:19,0,566,495,8
2026-07-10 11:16:20,0,562,501,8
2026-07-10 11:16:21,0,555,507,8
2026-07-10 11:16:22,0,560,505,8
2026-07-10 11:16:23,0,558,497,8
2026-07-10 11:16:24,0,553,496,8
2026-07-10 11:16:25,0,558,501,8
2026-07-10 11:16:26,0,562,499,8
2026-07-10 11:16:27,0,560,501,8
2026-07-10 11:16:28,0,562,496,8
2026-07-10 11:16:29,0,560,501,8
2026-07-10 11:16:30,0,562,498,8
2026-07-10 11:16:31,0,564,499,8
2026-07-10 11:16:32,0,565,502,8
2026-07-10 11:16:33,0,567,499,8
2026-07-10 11:16:34,0,565,503,8
2026-07-10 11:16:35,0,563,498,8
2026-07-10 11:16:36,0,565,497,8
2026-07-10 11:16:37,0,560,498,8
2026-07-10 11:16:38,0,560,491,8
2026-07-10 11:16:39,0,562,497,8
2026-07-10 11:16:40,0,561,501,8
2026-07-10 11:16:41,0,559,505,8
2026-07-10 11:16:42,0,560,499,8
2026-07-10 11:16:43,0,562,500,8
2026-07-10 11:16:44,0,559,499,8
2026-07-10 11:16:45,0,562,500,8
2026-07-10 11:16:46,0,562,505,8
2026-07-10 11:16:47,0,563,492,8
2026-07-10 11:16:48,0,560,502,8
2026-07-10 11:16:49,0,562,506,8
2026-07-10 11:16:50,0,561,496,8
2026-07-10 11:16:51,0,566,503,8
2026-07-10 11:16:52,0,562,498,8
2026-07-10 11:16:53,0,566,497,8
2026-07-10 11:16:54,0,563,499,8
2026-07-10 11:16:55,0,561,500,8
2026-07-10 11:16:56,0,567,500,8
2026-07-10 11:16:57,0,564,501,8
2026-07-10 11:16:58,0,562,501,8
2026-07-10 11:16:59,0,564,499,8
2026-07-10 11:17:00,0,564,497,8
2026-07-10 11:17:01,0,561,504,8
2026-07-10 11:17:02,0,561,499,8
2026-07-10 11:17:03,0,561,498,8
2026-07-10 11:17:04,0,557,492,8
2026-07-10 11:17:05,0,562,497,8
2026-07-10 11:17:06,0,561,493,8
2026-07-10 11:17:07,0,557,496,8
2026-07-10 11:17:08,0,558,497,8
2026-07-10 11:17:09,0,552,499,8
2026-07-10 11:17:10,0,550,496,8
2026-07-10 11:17:11,0,558,499,8
2026-07-10 11:17:12,0,553,503,8
2026-07-10 11:17:13,0,553,493,8
2026-07-10 11:17:14,0,557,502,8
2026-07-10 11:17:15,0,557,497,8
2026-07-10 11:17:16,0,557,494,8
2026-07-10 11:17:17,0,565,493,8
2026-07-10 11:17:18,0,563,491,8
2026-07-10 11:17:19,0,562,490,8
2026-07-10 11:17:20,0,562,491,8
2026-07-10 11:17:21,0,560,488,8
2026-07-10 11:17:22,0,559,483,8
2026-07-10 11:17:23,0,554,485,8
2026-07-10 11:17:24,0,556,484,8
2026-07-10 11:17:25,0,556,494,8
2026-07-10 11:17:26,0,552,490,8
2026-07-10 11:17:27,0,550,504,8
2026-07-10 11:17:28,0,545,486,8
2026-07-10 11:17:29,0,550,500,8
2026-07-10 11:17:30,0,552,505,8
2026-07-10 11:17:31,0,556,506,8
2026-07-10 11:17:32,0,557,503,8
2026-07-10 11:17:33,0,559,498,8
2026-07-10 11:17:34,0,564,496,8
2026-07-10 11:17:35,0,563,500,8
2026-07-10 11:17:36,0,563,501,8
2026-07-10 11:17:37,0,562,497,8
2026-07-10 11:17:38,0,565,500,8
2026-07-10 11:17:39,0,563,496,8
2026-07-10 11:17:40,0,562,503,8
2026-07-10 11:17:41,0,562,501,8
2026-07-10 11:17:42,0,562,502,8
2026-07-10 11:17:43,0,563,496,8
2026-07-10 11:17:44,0,562,493,8
2026-07-10 11:17:45,0,561,495,8
2026-07-10 11:17:46,0,560,500,8
2026-07-10 11:17:47,0,561,497,8
2026-07-10 11:17:48,0,563,498,8
2026-07-10 11:17:49,0,564,494,8
2026-07-10 11:17:50,0,562,496,8
2026-07-10 11:17:51,0,565,492,8
2026-07-10 11:17:52,0,565,500,8
2026-07-10 11:17:53,0,562,500,8
2026-07-10 11:17:54,0,559,504,8
2026-07-10 11:17:55,0,560,497,8
2026-07-10 11:17:56,0,555,510,8
2026-07-10 11:17:57,0,553,508,8
2026-07-10 11:17:58,0,549,503,8
2026-07-10 11:17:59,0,546,502,8
2026-07-10 11:18:00,0,547,497,8
2026-07-10 11:18:01,0,550,488,8
2026-07-10 11:18:02,0,554,490,8
2026-07-10 11:18:03,0,556,481,8
2026-07-10 11:18:04,0,558,487,8
2026-07-10 11:18:05,0,559,499,8
2026-07-10 11:18:06,0,560,492,8
2026-07-10 11:18:07,0,561,485,8
2026-07-10 11:18:08,0,566,492,8
2026-07-10 11:18:09,0,561,509,8
2026-07-10 11:18:10,0,564,499,8
2026-07-10 11:18:11,0,554,497,8
2026-07-10 11:18:12,0,556,502,8
2026-07-10 11:18:13,0,552,498,8
2026-07-10 11:18:14,0,560,498,8
2026-07-10 11:18:15,0,552,499,8
2026-07-10 11:18:16,0,561,498,8
2026-07-10 11:18:17,0,561,499,8
2026-07-10 11:18:18,0,558,488,8
2026-07-10 11:18:19,0,556,497,8
2026-07-10 11:18:20,0,562,491,8
2026-07-10 11:18:21,0,564,497,8
2026-07-10 11:18:22,0,563,503,8
2026-07-10 11:18:23,0,563,499,8
2026-07-10 11:18:24,0,563,497,8
2026-07-10 11:18:25,0,563,499,8
2026-07-10 11:18:26,0,561,496,8
2026-07-10 11:18:27,0,563,495,8
2026-07-10 11:18:28,0,565,494,8
2026-07-10 11:18:29,0,564,499,8
2026-07-10 11:18:30,0,562,498,8
2026-07-10 11:18:31,0,562,499,8
2026-07-10 11:18:32,0,559,502,8
2026-07-10 11:18:33,0,562,495,8
2026-07-10 11:18:34,0,563,504,8
2026-07-10 11:18:35,0,562,496,8
2026-07-10 11:18:36,0,564,502,8
2026-07-10 11:18:37,0,562,500,8
2026-07-10 11:18:38,0,562,497,8
2026-07-10 11:18:39,0,567,498,8
2026-07-10 11:18:40,0,562,501,8
2026-07-10 11:18:41,0,563,499,8
2026-07-10 11:18:42,0,562,500,8
2026-07-10 11:18:43,0,563,493,8
2026-07-10 11:18:44,0,558,490,8
2026-07-10 11:18:45,0,562,493,8
2026-07-10 11:18:46,0,550,496,8
2026-07-10 11:18:47,0,551,502,8
2026-07-10 11:18:48,0,553,497,8
2026-07-10 11:18:49,0,552,504,8
2026-07-10 11:18:50,0,556,502,8
2026-07-10 11:18:51,0,555,493,8
2026-07-10 11:18:52,0,562,493,8
2026-07-10 11:18:53,0,559,494,8
2026-07-10 11:18:54,0,562,495,8
2026-07-10 11:18:55,0,562,490,8
2026-07-10 11:18:56,0,559,490,8
2026-07-10 11:18:57,0,559,494,8
2026-07-10 11:18:58,0,557,502,8
2026-07-10 11:18:59,0,556,485,8
2026-07-10 11:19:00,0,553,480,8
2026-07-10 11:19:01,0,550,484,8
2026-07-10 11:19:02,0,550,483,8
2026-07-10 11:19:03,0,548,504,8
2026-07-10 11:19:04,0,550,498,8
2026-07-10 11:19:05,0,552,500,8
2026-07-10 11:19:06,0,552,499,8
2026-07-10 11:19:07,0,557,500,8
2026-07-10 11:19:08,0,561,498,8
2026-07-10 11:19:09,0,558,499,8
2026-07-10 11:19:10,0,561,501,8
2026-07-10 11:19:11,0,561,502,8
2026-07-10 11:19:12,0,562,497,8
2026-07-10 11:19:13,0,563,497,8
2026-07-10 11:19:14,0,560,500,8
2026-07-10 11:19:15,0,556,490,8
2026-07-10 11:19:16,0,557,495,8
2026-07-10 11:19:17,0,554,501,8
2026-07-10 11:19:18,0,552,495,8
2026-07-10 11:19:19,0,551,500,8
2026-07-10 11:19:20,0,553,502,8
2026-07-10 11:19:21,0,560,503,8
2026-07-10 11:19:22,0,557,490,8
2026-07-10 11:19:23,0,561,488,8
2026-07-10 11:19:24,0,561,488,8
2026-07-10 11:19:25,0,559,487,8
2026-07-10 11:19:26,0,560,482,8
2026-07-10 11:19:27,0,560,494,8
2026-07-10 11:19:28,0,561,492,8
2026-07-10 11:19:29,0,558,492,8
2026-07-10 11:19:30,0,558,492,8
2026-07-10 11:19:31,0,549,494,8
2026-07-10 11:19:32,0,553,488,8
2026-07-10 11:19:33,0,552,492,8
2026-07-10 11:19:34,0,550,477,8
2026-07-10 11:19:35,0,547,497,8
2026-07-10 11:19:36,0,546,494,8
2026-07-10 11:19:37,0,548,504,8
2026-07-10 11:19:38,0,551,498,8
2026-07-10 11:19:39,0,550,501,8
2026-07-10 11:19:40,0,548,510,8
2026-07-10 11:19:41,0,552,499,8
2026-07-10 11:19:42,0,558,505,8
2026-07-10 11:19:43,0,556,500,8
2026-07-10 11:19:44,0,556,504,8
2026-07-10 11:19:45,0,556,498,8
2026-07-10 11:19:46,0,557,501,8
2026-07-10 11:19:47,0,559,498,8
2026-07-10 11:19:48,0,555,505,8
2026-07-10 11:19:49,0,555,500,8
2026-07-10 11:19:50,0,557,503,8
2026-07-10 11:19:51,0,556,500,8
2026-07-10 11:19:52,0,556,505,8
2026-07-10 11:19:53,0,556,507,8
2026-07-10 11:19:54,0,559,501,8
2026-07-10 11:19:55,0,553,504,8
2026-07-10 11:19:56,0,552,507,8
2026-07-10 11:19:57,0,549,492,8
2026-07-10 11:19:58,0,548,505,8
2026-07-10 11:19:59,0,545,500,8
2026-07-10 11:20:00,0,548,482,8
2026-07-10 11:20:01,0,550,490,8
2026-07-10 11:20:02,0,555,489,8
2026-07-10 11:20:03,0,558,484,8
2026-07-10 11:20:04,0,558,483,8
2026-07-10 11:20:05,0,561,487,8
2026-07-10 11:20:06,0,559,484,8
2026-07-10 11:20:07,0,562,493,8
2026-07-10 11:20:08,0,562,496,8
2026-07-10 11:20:09,0,559,495,8
2026-07-10 11:20:10,0,559,492,8
2026-07-10 11:20:11,0,556,507,8
2026-07-10 11:20:12,0,551,500,8
2026-07-10 11:20:13,0,554,500,8
2026-07-10 11:20:14,0,551,496,8
2026-07-10 11:20:15,0,556,494,8
2026-07-10 11:20:16,0,554,498,8
2026-07-10 11:20:17,0,556,496,8
2026-07-10 11:20:18,0,561,500,8
2026-07-10 11:20:19,0,561,496,8
2026-07-10 11:20:20,0,563,493,8
2026-07-10 11:20:21,0,566,494,8
2026-07-10 11:20:22,0,564,500,8
2026-07-10 11:20:23,0,562,500,8
2026-07-10 11:20:24,0,560,499,8
2026-07-10 11:20:25,0,559,495,8
2026-07-10 11:20:26,0,554,498,8
2026-07-10 11:20:27,0,553,498,8
2026-07-10 11:20:28,0,550,508,8
2026-07-10 11:20:29,0,550,500,8
2026-07-10 11:20:30,0,548,493,8
2026-07-10 11:20:31,0,548,492,8
2026-07-10 11:20:32,0,546,478,8
2026-07-10 11:20:33,0,549,491,8
2026-07-10 11:20:34,0,550,485,8
2026-07-10 11:20:35,0,547,499,8
2026-07-10 11:20:36,0,552,488,8
2026-07-10 11:20:37,0,551,491,8
2026-07-10 11:20:38,0,551,484,8
2026-07-10 11:20:39,0,552,487,8
2026-07-10 11:20:40,0,553,487,8
2026-07-10 11:20:41,0,552,478,8
2026-07-10 11:20:42,0,554,488,8
2026-07-10 11:20:43,0,551,490,8
2026-07-10 11:20:44,0,553,486,8
2026-07-10 11:20:45,0,550,488,8
2026-07-10 11:20:46,0,548,487,8
2026-07-10 11:20:47,0,549,492,8
2026-07-10 11:20:48,0,550,503,8
2026-07-10 11:20:49,0,551,491,8
2026-07-10 11:20:50,0,551,501,8
2026-07-10 11:20:51,0,551,484,8
2026-07-10 11:20:52,0,549,496,8
2026-07-10 11:20:53,0,551,496,8
2026-07-10 11:20:54,0,551,494,8
2026-07-10 11:20:55,0,551,491,8
2026-07-10 11:20:56,0,554,480,8
2026-07-10 11:20:57,0,553,486,8
2026-07-10 11:20:58,0,551,485,8
2026-07-10 11:20:59,0,553,483,8
2026-07-10 11:21:00,0,556,501,8
2026-07-10 11:21:01,0,554,490,8
2026-07-10 11:21:02,0,557,482,8
2026-07-10 11:21:03,0,558,496,8
2026-07-10 11:21:04,0,558,495,8
2026-07-10 11:21:05,0,559,489,8
2026-07-10 11:21:06,0,559,490,8
2026-07-10 11:21:07,0,561,482,8
2026-07-10 11:21:08,0,560,490,8
2026-07-10 11:21:09,0,561,496,8
2026-07-10 11:21:10,0,560,501,8
2026-07-10 11:21:11,0,559,501,8
2026-07-10 11:21:12,0,557,491,8
2026-07-10 11:21:13,0,557,497,8
2026-07-10 11:21:14,0,552,501,8
2026-07-10 11:21:15,0,553,497,8
2026-07-10 11:21:16,0,557,496,8
2026-07-10 11:21:17,0,550,500,8
2026-07-10 11:21:18,0,548,499,8
2026-07-10 11:21:19,0,558,500,8
2026-07-10 11:21:20,0,552,499,8
2026-07-10 11:21:21,0,547,492,8
2026-07-10 11:21:22,0,559,496,8
2026-07-10 11:21:23,0,561,496,8
2026-07-10 11:21:24,0,560,492,8
2026-07-10 11:21:25,0,561,495,8
2026-07-10 11:21:26,0,560,495,8
2026-07-10 11:21:27,0,563,494,8
2026-07-10 11:21:28,0,561,493,8
2026-07-10 11:21:29,0,561,493,8
2026-07-10 11:21:30,0,561,494,8
2026-07-10 11:21:31,0,559,496,8
2026-07-10 11:21:32,0,564,494,8
2026-07-10 11:21:33,0,562,499,8
2026-07-10 11:21:34,0,561,492,8
2026-07-10 11:21:35,0,561,491,8
2026-07-10 11:21:36,0,560,498,8
2026-07-10 11:21:37,0,560,498,8
2026-07-10 11:21:38,0,556,501,8
2026-07-10 11:21:39,0,560,502,8
2026-07-10 11:21:40,0,558,498,8
2026-07-10 11:21:41,0,559,499,8
2026-07-10 11:21:42,0,557,506,8
2026-07-10 11:21:43,0,551,497,8
2026-07-10 11:21:44,0,550,497,8
2026-07-10 11:21:45,0,548,500,8
2026-07-10 11:21:46,0,548,495,8
2026-07-10 11:21:47,0,546,495,8
2026-07-10 11:21:48,0,546,479,8
2026-07-10 11:21:49,0,546,502,8
2026-07-10 11:21:50,0,550,490,8
2026-07-10 11:21:51,0,552,491,8
2026-07-10 11:21:52,0,552,473,8
2026-07-10 11:21:53,0,554,492,8
2026-07-10 11:21:54,0,555,489,8
2026-07-10 11:21:55,0,556,489,8
2026-07-10 11:21:56,0,558,489,8
2026-07-10 11:21:57,0,557,495,8
2026-07-10 11:21:58,0,560,488,8
2026-07-10 11:21:59,0,558,490,8
2026-07-10 11:22:00,0,564,493,8
2026-07-10 11:22:01,0,559,506,8
2026-07-10 11:22:02,0,559,494,8
2026-07-10 11:22:03,0,557,495,8
2026-07-10 11:22:04,0,553,501,8
2026-07-10 11:22:05,0,553,502,8
2026-07-10 11:22:06,0,561,497,8
2026-07-10 11:22:07,0,560,499,8
2026-07-10 11:22:08,0,558,497,8
2026-07-10 11:22:09,0,560,501,8
2026-07-10 11:22:10,0,558,497,8
2026-07-10 11:22:11,0,558,494,8
2026-07-10 11:22:12,0,563,486,8
2026-07-10 11:22:13,0,563,483,8
2026-07-10 11:22:14,0,560,481,8
2026-07-10 11:22:15,0,558,497,8
2026-07-10 11:22:16,0,560,487,8
2026-07-10 11:22:17,0,557,490,8
2026-07-10 11:22:18,0,555,482,8
2026-07-10 11:22:19,0,551,492,8
2026-07-10 11:22:20,0,551,483,8
2026-07-10 11:22:21,0,547,495,8
2026-07-10 11:22:22,0,547,499,8
2026-07-10 11:22:23,0,549,502,8
2026-07-10 11:22:24,0,549,505,8
2026-07-10 11:22:25,0,554,506,8
2026-07-10 11:22:26,0,557,499,8
2026-07-10 11:22:27,0,562,495,8
2026-07-10 11:22:28,0,560,500,8
2026-07-10 11:22:29,0,562,496,8
2026-07-10 11:22:30,0,559,498,8
2026-07-10 11:22:31,0,560,499,8
2026-07-10 11:22:32,0,561,494,8
2026-07-10 11:22:33,0,558,500,8
2026-07-10 11:22:34,0,560,491,8
2026-07-10 11:22:35,0,553,497,8
2026-07-10 11:22:36,0,550,494,8
2026-07-10 11:22:37,0,556,494,8
2026-07-10 11:22:38,0,556,496,8
2026-07-10 11:22:39,0,551,505,8
2026-07-10 11:22:40,0,558,503,8
2026-07-10 11:22:41,0,556,503,8
2026-07-10 11:22:42,0,559,507,8
2026-07-10 11:22:43,0,561,496,8
2026-07-10 11:22:44,0,559,492,8
2026-07-10 11:22:45,0,559,498,8
2026-07-10 11:22:46,0,558,480,8
2026-07-10 11:22:47,0,560,486,8
2026-07-10 11:22:48,0,557,494,8
2026-07-10 11:22:49,0,552,483,8
2026-07-10 11:22:50,0,552,489,8
2026-07-10 11:22:51,0,546,490,8
2026-07-10 11:22:52,0,544,490,8
2026-07-10 11:22:53,0,546,502,8
2026-07-10 11:22:54,0,550,500,8
2026-07-10 11:22:55,0,552,507,8
2026-07-10 11:22:56,0,553,495,8
2026-07-10 11:22:57,0,556,492,8
2026-07-10 11:22:58,0,561,497,8
2026-07-10 11:22:59,0,561,501,8
2026-07-10 11:23:00,0,562,500,8
2026-07-10 11:23:01,0,561,496,8
2026-07-10 11:23:02,0,560,495,8
2026-07-10 11:23:03,0,560,500,8
2026-07-10 11:23:04,0,558,493,8
2026-07-10 11:23:05,0,561,490,8
2026-07-10 11:23:06,0,554,495,8
2026-07-10 11:23:07,0,556,492,8
2026-07-10 11:23:08,0,548,494,8
2026-07-10 11:23:09,0,556,499,8
2026-07-10 11:23:10,0,546,498,8
2026-07-10 11:23:11,0,548,498,8
2026-07-10 11:23:12,0,555,495,8
2026-07-10 11:23:13,0,550,490,8
2026-07-10 11:23:14,0,559,497,8
2026-07-10 11:23:15,0,552,495,8
2026-07-10 11:23:16,0,550,500,8
2026-07-10 11:23:17,0,556,497,8
2026-07-10 11:23:18,0,557,503,8
2026-07-10 11:23:19,0,552,498,8
2026-07-10 11:23:20,0,553,502,8
2026-07-10 11:23:21,0,547,501,8
2026-07-10 11:23:22,0,549,500,8
2026-07-10 11:23:23,0,555,496,8
2026-07-10 11:23:24,0,554,498,8
2026-07-10 11:23:25,0,553,492,8
2026-07-10 11:23:26,0,553,495,8
2026-07-10 11:23:27,0,556,494,8
2026-07-10 11:23:28,0,558,499,8
2026-07-10 11:23:29,0,561,499,8
2026-07-10 11:23:30,0,564,496,8
2026-07-10 11:23:31,0,561,497,8
2026-07-10 11:23:32,0,562,495,8
2026-07-10 11:23:33,0,558,496,8
2026-07-10 11:23:34,0,556,501,8
2026-07-10 11:23:35,0,555,497,8
2026-07-10 11:23:36,0,552,501,8
2026-07-10 11:23:37,0,548,497,8
2026-07-10 11:23:38,0,548,496,8
2026-07-10 11:23:39,0,549,494,8
2026-07-10 11:23:40,0,548,482,8
2026-07-10 11:23:41,0,551,487,8
2026-07-10 11:23:42,0,552,490,8
2026-07-10 11:23:43,0,556,493,8
2026-07-10 11:23:44,0,557,489,8
2026-07-10 11:23:45,0,559,492,8
2026-07-10 11:23:46,0,560,488,8
2026-07-10 11:23:47,0,561,491,8
2026-07-10 11:23:48,0,560,495,8
2026-07-10 11:23:49,0,563,496,8
2026-07-10 11:23:50,0,552,501,8
2026-07-10 11:23:51,0,559,502,8
2026-07-10 11:23:52,0,551,500,8
2026-07-10 11:23:53,0,556,496,8
2026-07-10 11:23:54,0,556,499,8
2026-07-10 11:23:55,0,552,501,8
2026-07-10 11:23:56,0,546,497,8
2026-07-10 11:23:57,0,554,502,8
2026-07-10 11:23:58,0,554,496,8
2026-07-10 11:23:59,0,558,496,8
2026-07-10 11:24:00,0,555,490,8
2026-07-10 11:24:01,0,558,498,8
2026-07-10 11:24:02,0,558,495,8
2026-07-10 11:24:03,0,560,501,8
2026-07-10 11:24:04,0,560,496,8
2026-07-10 11:24:06,0,564,498,8
2026-07-10 11:24:08,0,561,498,8
2026-07-10 11:24:08,0,559,497,8
2026-07-10 11:24:08,0,558,495,8
2026-07-10 11:24:09,0,555,501,8
2026-07-10 11:24:10,0,559,496,8
2026-07-10 11:24:11,0,556,503,8
2026-07-10 11:24:12,0,555,509,8
2026-07-10 11:24:13,0,551,504,8
2026-07-10 11:24:14,0,550,502,8
2026-07-10 11:24:15,0,551,500,8
2026-07-10 11:24:16,0,548,503,8
2026-07-10 11:24:17,0,550,508,8
2026-07-10 11:24:18,0,549,506,8
2026-07-10 11:24:19,0,555,502,8
2026-07-10 11:24:20,0,554,504,8
2026-07-10 11:24:21,0,552,496,8
2026-07-10 11:24:22,0,556,507,8
2026-07-10 11:24:23,0,555,504,8
2026-07-10 11:24:24,0,556,497,8
2026-07-10 11:24:25,0,558,501,8
2026-07-10 11:24:26,0,560,495,8
2026-07-10 11:24:27,0,560,492,8
2026-07-10 11:24:28,0,557,503,8
2026-07-10 11:24:29,0,560,495,8
2026-07-10 11:24:30,0,561,493,8
2026-07-10 11:24:31,0,561,500,8
2026-07-10 11:24:32,0,560,499,8
2026-07-10 11:24:33,0,563,498,8
2026-07-10 11:24:34,0,562,505,8
2026-07-10 11:24:35,0,561,499,8
2026-07-10 11:24:36,0,560,507,8
2026-07-10 11:24:37,0,561,498,8
2026-07-10 11:24:38,0,558,498,8
2026-07-10 11:24:39,0,557,495,8
2026-07-10 11:24:40,0,558,492,8
2026-07-10 11:24:41,0,557,497,8
2026-07-10 11:24:42,0,556,494,8
2026-07-10 11:24:43,0,551,492,8
2026-07-10 11:24:44,0,550,496,8
2026-07-10 11:24:45,0,554,504,8
2026-07-10 11:24:46,0,547,496,8
2026-07-10 11:24:47,0,554,505,8
2026-07-10 11:24:48,0,561,505,8
2026-07-10 11:24:49,0,558,496,8
2026-07-10 11:24:50,0,560,491,8
2026-07-10 11:24:51,0,558,497,8
2026-07-10 11:24:52,0,557,498,8
2026-07-10 11:24:53,0,558,488,8
2026-07-10 11:24:54,0,556,493,8
2026-07-10 11:24:55,0,557,491,8
2026-07-10 11:24:56,0,555,488,8
2026-07-10 11:24:57,0,554,485,8
2026-07-10 11:24:58,0,551,482,8
2026-07-10 11:24:59,0,548,496,8
2026-07-10 11:25:00,0,548,491,8
2026-07-10 11:25:01,0,543,495,8
2026-07-10 11:25:02,0,546,498,8
2026-07-10 11:25:03,0,547,505,8
2026-07-10 11:25:04,0,553,505,8
2026-07-10 11:25:05,0,551,501,8
2026-07-10 11:25:06,0,548,505,8
2026-07-10 11:25:07,0,551,496,8
2026-07-10 11:25:08,0,549,501,8
2026-07-10 11:25:09,0,552,505,8
2026-07-10 11:25:10,0,550,505,8
2026-07-10 11:25:11,0,550,503,8
2026-07-10 11:25:12,0,547,501,8
2026-07-10 11:25:13,0,547,503,8
2026-07-10 11:25:14,0,547,489,8
2026-07-10 11:25:15,0,546,498,8
2026-07-10 11:25:16,0,548,482,8
2026-07-10 11:25:17,0,548,472,8
2026-07-10 11:25:18,0,555,495,8
2026-07-10 11:25:19,0,555,496,8
2026-07-10 11:25:20,0,556,494,8
2026-07-10 11:25:21,0,559,493,8
2026-07-10 11:25:22,0,558,487,8
2026-07-10 11:25:23,0,557,497,8
2026-07-10 11:25:24,0,560,490,8
2026-07-10 11:25:25,0,557,495,8
2026-07-10 11:25:26,0,555,500,8
2026-07-10 11:25:27,0,555,492,8
2026-07-10 11:25:28,0,547,494,8
2026-07-10 11:25:29,0,548,494,8
2026-07-10 11:25:30,0,561,496,8
2026-07-10 11:25:31,0,552,493,8
2026-07-10 11:25:32,0,558,491,8
2026-07-10 11:25:33,0,555,491,8
2026-07-10 11:25:34,0,562,496,8
2026-07-10 11:25:35,0,560,498,8
2026-07-10 11:25:36,0,562,501,8
2026-07-10 11:25:37,0,561,492,8
2026-07-10 11:25:38,0,559,494,8
2026-07-10 11:25:39,0,557,495,8
2026-07-10 11:25:40,0,556,495,8
2026-07-10 11:25:41,0,548,493,8
2026-07-10 11:25:42,0,552,495,8
2026-07-10 11:25:43,0,547,491,8
2026-07-10 11:25:44,0,544,506,8
2026-07-10 11:25:45,0,546,494,8
2026-07-10 11:25:46,0,545,486,8
2026-07-10 11:25:47,0,552,485,8
2026-07-10 11:25:48,0,551,483,8
2026-07-10 11:25:49,0,555,488,8
2026-07-10 11:25:50,0,556,490,8
2026-07-10 11:25:51,0,557,488,8
2026-07-10 11:25:52,0,559,491,8
2026-07-10 11:25:53,0,561,492,8
2026-07-10 11:25:54,0,558,489,8
2026-07-10 11:25:55,0,559,501,8
2026-07-10 11:25:56,0,560,489,8
2026-07-10 11:25:57,0,554,488,8
2026-07-10 11:25:58,0,557,496,8
2026-07-10 11:25:59,0,547,508,8
2026-07-10 11:26:00,0,553,502,8
2026-07-10 11:26:01,0,547,500,8
2026-07-10 11:26:02,0,548,499,8
2026-07-10 11:26:03,0,551,503,8
2026-07-10 11:26:04,0,545,496,8
2026-07-10 11:26:05,0,545,495,8
2026-07-10 11:26:06,0,550,498,8
2026-07-10 11:26:07,0,550,495,8
2026-07-10 11:26:08,0,559,503,8
2026-07-10 11:26:09,0,550,499,8
2026-07-10 11:26:10,0,550,508,8
2026-07-10 11:26:11,0,551,497,8
2026-07-10 11:26:12,0,559,496,8
2026-07-10 11:26:13,0,560,492,8
2026-07-10 11:26:14,0,559,493,8
2026-07-10 11:26:15,0,558,493,8
2026-07-10 11:26:16,0,556,484,8
2026-07-10 11:26:17,0,553,490,8
2026-07-10 11:26:18,0,551,486,8
2026-07-10 11:26:19,0,551,483,8
2026-07-10 11:26:20,0,549,477,8
2026-07-10 11:26:21,0,547,488,8
2026-07-10 11:26:22,0,545,501,8
2026-07-10 11:26:23,0,546,498,8
2026-07-10 11:26:24,0,544,491,8
2026-07-10 11:26:26,0,552,504,8
2026-07-10 11:26:26,0,553,498,8
2026-07-10 11:26:27,0,555,495,8
2026-07-10 11:26:28,0,558,493,8
2026-07-10 11:26:30,0,557,494,8
2026-07-10 11:26:30,0,558,496,8
2026-07-10 11:26:32,0,560,498,8
2026-07-10 11:26:39,0,561,493,8
2026-07-10 11:26:39,0,561,494,8
2026-07-10 11:26:39,0,561,493,8
2026-07-10 11:26:39,0,560,498,8
2026-07-10 11:26:39,0,558,493,8
2026-07-10 11:26:39,0,558,498,8
2026-07-10 11:26:39,0,559,499,8
2026-07-10 11:26:39,0,558,501,8
2026-07-10 11:26:40,0,557,486,8
2026-07-10 11:26:41,0,555,494,8
2026-07-10 11:26:42,0,558,500,8
2026-07-10 11:26:43,0,560,499,8
2026-07-10 11:26:44,0,558,497,8
2026-07-10 11:26:45,0,558,498,8
2026-07-10 11:26:46,0,557,494,8
2026-07-10 11:26:47,0,558,498,8
2026-07-10 11:26:48,0,559,497,8
2026-07-10 11:26:49,0,557,500,8
2026-07-10 11:26:50,0,554,501,8
2026-07-10 11:26:51,0,554,493,8
2026-07-10 11:26:52,0,555,496,8
2026-07-10 11:26:53,0,560,491,8
2026-07-10 11:26:54,0,554,489,8
2026-07-10 11:26:55,0,552,494,8
2026-07-10 11:26:56,0,552,495,8
2026-07-10 11:26:57,0,554,494,8
2026-07-10 11:26:58,0,554,494,8
2026-07-10 11:26:59,0,554,495,8
2026-07-10 11:27:00,0,551,499,8
2026-07-10 11:27:01,0,555,502,8
2026-07-10 11:27:02,0,549,497,8
2026-07-10 11:27:03,0,551,499,8
2026-07-10 11:27:04,0,559,501,8
2026-07-10 11:27:05,0,555,494,8
2026-07-10 11:27:06,0,558,497,8
2026-07-10 11:27:07,0,557,491,8
2026-07-10 11:27:08,0,556,491,8
2026-07-10 11:27:09,0,555,487,8
2026-07-10 11:27:10,0,553,491,8
2026-07-10 11:27:11,0,553,482,8
2026-07-10 11:27:12,0,549,481,8
2026-07-10 11:27:13,0,545,479,8
2026-07-10 11:27:14,0,545,492,8
2026-07-10 11:27:15,0,545,497,8
2026-07-10 11:27:16,0,546,497,8
2026-07-10 11:27:17,0,550,501,8
2026-07-10 11:27:18,0,554,501,8
2026-07-10 11:27:19,0,555,496,8
2026-07-10 11:27:20,0,561,500,8
2026-07-10 11:27:21,0,561,494,8
2026-07-10 11:27:22,0,558,502,8
2026-07-10 11:27:23,0,559,496,8
2026-07-10 11:27:24,0,557,497,8
2026-07-10 11:27:25,0,556,495,8
2026-07-10 11:27:26,0,557,492,8
2026-07-10 11:27:27,0,555,489,8
2026-07-10 11:27:28,0,549,492,8
2026-07-10 11:27:29,0,550,497,8
2026-07-10 11:27:30,0,547,499,8
2026-07-10 11:27:31,0,549,502,8
2026-07-10 11:27:32,0,555,502,8
2026-07-10 11:27:33,0,553,500,8
2026-07-10 11:27:34,0,560,492,8
2026-07-10 11:27:35,0,557,494,8
2026-07-10 11:27:36,0,558,495,8
2026-07-10 11:27:37,0,554,493,8
2026-07-10 11:27:38,0,553,485,8
2026-07-10 11:27:39,0,550,483,8
2026-07-10 11:27:40,0,549,494,8
2026-07-10 11:27:41,0,549,499,8
2026-07-10 11:27:42,0,547,490,8
2026-07-10 11:27:43,0,546,497,8
2026-07-10 11:27:44,0,549,499,8
2026-07-10 11:27:45,0,549,499,8
2026-07-10 11:27:46,0,555,503,8
2026-07-10 11:27:47,0,558,498,8
2026-07-10 11:27:48,0,559,503,8
2026-07-10 11:27:49,0,558,500,8
2026-07-10 11:27:50,0,557,493,8
2026-07-10 11:27:51,0,558,494,8
2026-07-10 11:27:52,0,559,495,8
2026-07-10 11:27:53,0,558,499,8
2026-07-10 11:27:54,0,555,492,8
2026-07-10 11:27:55,0,557,493,8
2026-07-10 11:27:56,0,555,495,8
2026-07-10 11:27:57,0,553,493,8
2026-07-10 11:27:58,0,555,495,8
2026-07-10 11:27:59,0,551,499,8
2026-07-10 11:28:00,0,549,500,8
2026-07-10 11:28:01,0,554,496,8
2026-07-10 11:28:02,0,558,495,8
2026-07-10 11:28:03,0,555,499,8
2026-07-10 11:28:04,0,560,489,8
2026-07-10 11:28:05,0,562,495,8
2026-07-10 11:28:06,0,557,494,8
2026-07-10 11:28:07,0,558,490,8
2026-07-10 11:28:08,0,559,486,8
2026-07-10 11:28:09,0,557,498,8
2026-07-10 11:28:10,0,555,489,8
2026-07-10 11:28:11,0,555,498,8
2026-07-10 11:28:12,0,554,496,8
2026-07-10 11:28:13,0,555,491,8
2026-07-10 11:28:14,0,554,490,8
2026-07-10 11:28:15,0,553,492,8
2026-07-10 11:28:16,0,552,490,8
2026-07-10 11:28:17,0,553,488,8
2026-07-10 11:28:18,0,555,494,8
2026-07-10 11:28:19,0,553,496,8
2026-07-10 11:28:20,0,556,492,8
2026-07-10 11:28:21,0,557,491,8
2026-07-10 11:28:22,0,551,492,8
2026-07-10 11:28:23,0,557,488,8
2026-07-10 11:28:24,0,555,486,8
2026-07-10 11:28:25,0,557,487,8
2026-07-10 11:28:26,0,557,485,8
2026-07-10 11:28:27,0,557,487,8
2026-07-10 11:28:28,0,561,486,8
2026-07-10 11:28:29,0,556,486,8
2026-07-10 11:28:30,0,558,492,8
2026-07-10 11:28:31,0,557,490,8
2026-07-10 11:28:32,0,556,491,8
2026-07-10 11:28:33,0,554,488,8
2026-07-10 11:28:34,0,552,498,8
2026-07-10 11:28:35,0,557,501,8
2026-07-10 11:28:36,0,552,500,8
2026-07-10 11:28:37,0,555,506,8
2026-07-10 11:28:38,0,554,504,8
2026-07-10 11:28:39,0,547,494,8
2026-07-10 11:28:40,0,551,501,8
2026-07-10 11:28:41,0,552,499,8
2026-07-10 11:28:42,0,554,506,8
2026-07-10 11:28:43,0,553,498,8
2026-07-10 11:28:44,0,552,494,8
2026-07-10 11:28:45,0,555,497,8
2026-07-10 11:28:46,0,550,493,8
2026-07-10 11:28:47,0,556,495,8
2026-07-10 11:28:48,0,551,498,8
2026-07-10 11:28:49,0,557,490,8
2026-07-10 11:28:50,0,557,488,8
2026-07-10 11:28:51,0,558,491,8
2026-07-10 11:28:52,0,559,493,8
2026-07-10 11:28:53,0,557,492,8
2026-07-10 11:28:54,0,558,485,8
2026-07-10 11:28:55,0,555,494,8
2026-07-10 11:28:56,0,551,493,8
2026-07-10 11:28:57,0,554,480,8
2026-07-10 11:28:58,0,548,482,8
2026-07-10 11:28:59,0,548,489,8
2026-07-10 11:29:00,0,546,495,8
2026-07-10 11:29:01,0,544,491,8
2026-07-10 11:29:02,0,545,489,8
2026-07-10 11:29:03,0,548,500,8
2026-07-10 11:29:04,0,550,495,8
2026-07-10 11:29:05,0,551,497,8
2026-07-10 11:29:06,0,556,499,8
2026-07-10 11:29:08,0,555,492,8
2026-07-10 11:29:08,0,560,492,8
2026-07-10 11:29:09,0,556,494,8
2026-07-10 11:29:10,0,558,493,8
2026-07-10 11:29:11,0,557,499,8
2026-07-10 11:29:12,0,555,492,8
2026-07-10 11:29:13,0,552,489,8
2026-07-10 11:29:14,0,550,490,8
2026-07-10 11:29:16,0,554,496,8
2026-07-10 11:29:16,0,545,498,8
2026-07-10 11:29:18,0,552,499,8
2026-07-10 11:29:19,0,553,490,8
2026-07-10 11:29:19,0,551,501,8
2026-07-10 11:29:20,0,555,492,8
2026-07-10 11:29:21,0,557,497,8
2026-07-10 11:29:22,0,561,497,8
2026-07-10 11:29:23,0,556,487,8
2026-07-10 11:29:24,0,556,487,8
2026-07-10 11:29:25,0,556,483,8
2026-07-10 11:29:26,0,549,483,8
2026-07-10 11:29:27,0,545,496,8
2026-07-10 11:29:28,0,545,495,8
2026-07-10 11:29:29,0,549,488,8
2026-07-10 11:29:30,0,545,485,8
2026-07-10 11:29:31,0,545,504,8
2026-07-10 11:29:32,0,554,497,8
2026-07-10 11:29:33,0,554,502,8
2026-07-10 11:29:34,0,558,497,8
2026-07-10 11:29:36,0,555,493,8
2026-07-10 11:29:36,0,558,498,8
2026-07-10 11:29:37,0,562,492,8
2026-07-10 11:29:38,0,559,493,8
2026-07-10 11:29:39,0,558,496,8
2026-07-10 11:29:40,0,558,496,8
2026-07-10 11:29:41,0,558,489,8
2026-07-10 11:29:42,0,554,491,8
2026-07-10 11:29:44,0,554,493,8
2026-07-10 11:29:44,0,551,488,8
2026-07-10 11:29:45,0,556,491,8
2026-07-10 11:29:46,0,548,494,8
2026-07-10 11:29:47,0,549,493,8
2026-07-10 11:29:48,0,553,494,8
2026-07-10 11:29:49,0,544,492,8
2026-07-10 11:29:50,0,546,493,8
2026-07-10 11:29:51,0,554,498,8
2026-07-10 11:29:52,0,547,494,8
2026-07-10 11:29:53,0,548,496,8
2026-07-10 11:29:54,0,548,494,8
2026-07-10 11:29:55,0,544,499,8
2026-07-10 11:29:56,0,545,496,8
2026-07-10 11:29:57,0,554,502,8
2026-07-10 11:29:58,0,548,501,8
2026-07-10 11:29:59,0,553,498,8
2026-07-10 11:30:00,0,554,498,8
2026-07-10 11:30:01,0,547,504,8
2026-07-10 11:30:02,0,551,495,8
2026-07-10 11:30:03,0,553,498,8
2026-07-10 11:30:04,0,552,492,8
2026-07-10 11:30:05,0,556,495,8
2026-07-10 11:30:06,0,550,503,8
2026-07-10 11:30:07,0,549,492,8
2026-07-10 11:30:08,0,554,488,8
2026-07-10 11:30:09,0,555,497,8
2026-07-10 11:30:10,0,552,494,8
2026-07-10 11:30:11,0,555,502,8
2026-07-10 11:30:12,0,559,498,8
2026-07-10 11:30:13,0,555,493,8
2026-07-10 11:30:14,0,558,484,8
2026-07-10 11:30:15,0,555,483,8
2026-07-10 11:30:16,0,556,483,8
2026-07-10 11:30:17,0,555,476,8
2026-07-10 11:30:18,0,554,478,8
2026-07-10 11:30:19,0,552,487,8
2026-07-10 11:30:20,0,550,489,8
2026-07-10 11:30:21,0,543,490,8
2026-07-10 11:30:22,0,547,496,8
2026-07-10 11:30:23,0,542,497,8
2026-07-10 11:30:24,0,545,498,8
2026-07-10 11:30:25,0,546,502,8
2026-07-10 11:30:26,0,551,497,8
2026-07-10 11:30:27,0,553,500,8
2026-07-10 11:30:28,0,555,492,8
2026-07-10 11:30:29,0,557,494,8
2026-07-10 11:30:30,0,560,501,8
2026-07-10 11:30:31,0,558,493,8
2026-07-10 11:30:32,0,557,495,8
2026-07-10 11:30:33,0,556,495,8
2026-07-10 11:30:34,0,556,492,8
2026-07-10 11:30:35,0,554,490,8
2026-07-10 11:30:36,0,553,492,8
2026-07-10 11:30:37,0,551,491,8
2026-07-10 11:30:38,0,553,498,8
2026-07-10 11:30:39,0,551,500,8
2026-07-10 11:30:40,0,554,503,8
2026-07-10 11:30:41,0,556,495,8
2026-07-10 11:30:42,0,554,498,8
2026-07-10 11:30:43,0,556,494,8
2026-07-10 11:30:44,0,555,490,8
2026-07-10 11:30:45,0,556,490,8
2026-07-10 11:30:46,0,556,482,8
2026-07-10 11:30:47,0,555,486,8
2026-07-10 11:30:48,0,554,489,8
2026-07-10 11:30:49,0,556,488,8
2026-07-10 11:30:50,0,551,484,8
2026-07-10 11:30:51,0,547,483,8
2026-07-10 11:30:52,0,544,479,8
2026-07-10 11:30:53,0,546,486,8
2026-07-10 11:30:54,0,547,496,8
2026-07-10 11:30:55,0,552,507,8
2026-07-10 11:30:56,0,552,497,8
2026-07-10 11:30:57,0,555,498,8
2026-07-10 11:30:58,0,555,503,8
2026-07-10 11:30:59,0,558,500,8
2026-07-10 11:31:00,0,559,496,8
2026-07-10 11:31:01,0,557,495,8
2026-07-10 11:31:02,0,559,494,8
2026-07-10 11:31:03,0,557,492,8
2026-07-10 11:31:04,0,557,496,8
2026-07-10 11:31:05,0,553,491,8
2026-07-10 11:31:06,0,547,490,8
2026-07-10 11:31:07,0,545,493,8
2026-07-10 11:31:08,0,545,493,8
2026-07-10 11:31:09,0,554,495,8
2026-07-10 11:31:10,0,550,500,8
2026-07-10 11:31:11,0,551,491,8
2026-07-10 11:31:12,0,554,495,8
2026-07-10 11:31:13,0,558,489,8
2026-07-10 11:31:14,0,554,485,8
2026-07-10 11:31:15,0,560,490,8
2026-07-10 11:31:16,0,555,483,8
2026-07-10 11:31:17,0,554,484,8
2026-07-10 11:31:18,0,556,494,8
2026-07-10 11:31:19,0,552,492,8
2026-07-10 11:31:20,0,552,486,8
2026-07-10 11:31:21,0,551,476,8
2026-07-10 11:31:22,0,550,486,8
2026-07-10 11:31:23,0,547,489,8
2026-07-10 11:31:24,0,544,489,8
2026-07-10 11:31:25,0,545,488,8
2026-07-10 11:31:26,0,542,492,8
2026-07-10 11:31:27,0,544,496,8
2026-07-10 11:31:28,0,542,498,8
2026-07-10 11:31:29,0,544,490,8
2026-07-10 11:31:30,0,546,489,8
2026-07-10 11:31:31,0,545,496,8
2026-07-10 11:31:32,0,545,497,8
2026-07-10 11:31:33,0,548,496,8
2026-07-10 11:31:34,0,546,495,8
2026-07-10 11:31:35,0,544,494,8
2026-07-10 11:31:36,0,545,491,8
2026-07-10 11:31:37,0,545,493,8
2026-07-10 11:31:38,0,543,495,8
2026-07-10 11:31:39,0,544,491,8
2026-07-10 11:31:40,0,544,486,8
2026-07-10 11:31:41,0,543,486,8
2026-07-10 11:31:42,0,546,479,8
2026-07-10 11:31:43,0,548,485,8
2026-07-10 11:31:44,0,550,480,8
2026-07-10 11:31:45,0,554,484,8
2026-07-10 11:31:46,0,551,479,8
2026-07-10 11:31:47,0,556,490,8
2026-07-10 11:31:48,0,554,484,8
2026-07-10 11:31:49,0,554,485,8
2026-07-10 11:31:50,0,555,498,8
2026-07-10 11:31:51,0,555,491,8
2026-07-10 11:31:52,0,554,491,8
2026-07-10 11:31:53,0,557,488,8
2026-07-10 11:31:54,0,551,502,8
2026-07-10 11:31:55,0,552,495,8
2026-07-10 11:31:56,0,547,497,8
2026-07-10 11:31:57,0,547,495,8
2026-07-10 11:31:58,0,548,492,8
2026-07-10 11:32:03,0,551,488,8
2026-07-10 11:32:03,0,551,491,8
2026-07-10 11:32:03,0,555,489,8
2026-07-10 11:32:03,0,558,493,8
2026-07-10 11:32:03,0,559,496,8
2026-07-10 11:32:04,0,557,494,8
2026-07-10 11:32:05,0,560,497,8
2026-07-10 11:32:06,0,556,494,8
2026-07-10 11:32:07,0,557,493,8
2026-07-10 11:32:08,0,553,490,8
2026-07-10 11:32:09,0,553,497,8
2026-07-10 11:32:10,0,555,506,8
2026-07-10 11:32:11,0,550,497,8
2026-07-10 11:32:12,0,545,498,8
2026-07-10 11:32:13,0,544,500,8
2026-07-10 11:32:14,0,544,499,8
2026-07-10 11:32:15,0,542,482,8
2026-07-10 11:32:16,0,549,480,8
2026-07-10 11:32:17,0,550,489,8
2026-07-10 11:32:18,0,550,484,8
2026-07-10 11:32:19,0,552,490,8
2026-07-10 11:32:20,0,555,489,8
2026-07-10 11:32:21,0,555,486,8
2026-07-10 11:32:23,0,557,495,8
2026-07-10 11:32:23,0,558,489,8
2026-07-10 11:32:24,0,558,490,8
2026-07-10 11:32:25,0,557,495,8
2026-07-10 11:32:26,0,556,491,8
2026-07-10 11:32:27,0,553,506,8
2026-07-10 11:32:28,0,555,504,8
2026-07-10 11:32:29,0,547,496,8
2026-07-10 11:32:30,0,551,494,8
2026-07-10 11:32:31,0,551,497,8
2026-07-10 11:32:32,0,555,495,8
2026-07-10 11:32:33,0,555,493,8
2026-07-10 11:32:34,0,556,495,8
2026-07-10 11:32:35,0,557,500,8
2026-07-10 11:32:36,0,559,497,8
2026-07-10 11:32:37,0,556,497,8
2026-07-10 11:32:38,0,558,494,8
2026-07-10 11:32:39,0,555,491,8
2026-07-10 11:32:40,0,554,500,8
2026-07-10 11:32:41,0,553,505,8
2026-07-10 11:32:42,0,548,506,8
2026-07-10 11:32:43,0,545,500,8
2026-07-10 11:32:44,0,545,495,8
2026-07-10 11:32:45,0,543,484,8
2026-07-10 11:32:46,0,545,488,8
2026-07-10 11:32:47,0,545,474,8
2026-07-10 11:32:48,0,551,479,8
2026-07-10 11:32:49,0,552,478,8
2026-07-10 11:32:50,0,553,493,8
2026-07-10 11:32:51,0,555,479,8
2026-07-10 11:32:52,0,554,493,8
2026-07-10 11:32:53,0,556,491,8
2026-07-10 11:32:54,0,559,489,8
2026-07-10 11:32:55,0,555,490,8
2026-07-10 11:32:56,0,560,494,8
2026-07-10 11:32:57,0,555,488,8
2026-07-10 11:32:58,0,551,498,8
2026-07-10 11:32:59,0,546,507,8
2026-07-10 11:33:00,0,549,499,8
2026-07-10 11:33:01,0,552,498,8
2026-07-10 11:33:02,0,545,498,8
2026-07-10 11:33:03,0,550,492,8
2026-07-10 11:33:04,0,556,495,8
2026-07-10 11:33:05,0,556,495,8
2026-07-10 11:33:06,0,555,500,8
2026-07-10 11:33:07,0,557,501,8
2026-07-10 11:33:08,0,557,503,8
2026-07-10 11:33:09,0,558,499,8
2026-07-10 11:33:10,0,557,499,8
2026-07-10 11:33:11,0,559,502,8
2026-07-10 11:33:12,0,557,495,8
2026-07-10 11:33:13,0,556,494,8
2026-07-10 11:33:14,0,553,498,8
2026-07-10 11:33:15,0,552,504,8
2026-07-10 11:33:16,0,548,502,8
2026-07-10 11:33:17,0,546,492,8
2026-07-10 11:33:18,0,543,502,8
2026-07-10 11:33:19,0,547,497,8
2026-07-10 11:33:20,0,546,481,8
2026-07-10 11:33:21,0,548,486,8
2026-07-10 11:33:22,0,550,492,8
2026-07-10 11:33:23,0,554,490,8
2026-07-10 11:33:24,0,554,499,8
2026-07-10 11:33:25,0,556,486,8
2026-07-10 11:33:26,0,558,487,8
2026-07-10 11:33:27,0,555,480,8
2026-07-10 11:33:28,0,557,496,8
2026-07-10 11:33:29,0,552,492,8
2026-07-10 11:33:30,0,554,502,8
2026-07-10 11:33:31,0,554,499,8
2026-07-10 11:33:32,0,549,498,8
2026-07-10 11:33:33,0,547,494,8
2026-07-10 11:33:34,0,550,500,8
2026-07-10 11:33:35,0,550,498,8
2026-07-10 11:33:36,0,552,497,8
2026-07-10 11:33:37,0,553,492,8
2026-07-10 11:33:38,0,551,500,8
2026-07-10 11:33:39,0,557,494,8
2026-07-10 11:33:40,0,556,493,8
2026-07-10 11:33:41,0,555,492,8
2026-07-10 11:33:42,0,559,493,8
2026-07-10 11:33:43,0,557,498,8
2026-07-10 11:33:44,0,556,495,8
2026-07-10 11:33:45,0,555,494,8
2026-07-10 11:33:46,0,555,494,8
2026-07-10 11:33:47,0,556,493,8
2026-07-10 11:33:48,0,556,499,8
2026-07-10 11:33:49,0,557,498,8
2026-07-10 11:33:50,0,555,497,8
2026-07-10 11:33:51,0,554,491,8
2026-07-10 11:33:52,0,555,494,8
2026-07-10 11:33:53,0,555,498,8
2026-07-10 11:33:54,0,553,497,8
2026-07-10 11:33:55,0,551,498,8
2026-07-10 11:33:56,0,555,500,8
2026-07-10 11:33:57,0,550,500,8
2026-07-10 11:33:58,0,549,500,8
2026-07-10 11:33:59,0,549,505,8
2026-07-10 11:34:00,0,551,501,8
2026-07-10 11:34:01,0,544,495,8
