timestamp,sensor1,sensor2,sensor3,mqtt_state
2026-08-26 16:36:32,0,53,79,0
2026-08-26 16:36:33,0,57,75,0
2026-08-26 16:36:34,0,54,65,0
2026-08-26 16:36:35,0,51,69,0
2026-08-26 16:36:36,0,50,67,0
2026-08-26 16:36:37,0,54,60,0
2026-08-26 16:36:38,0,57,57,0
2026-08-26 16:36:39,0,62,54,0
2026-08-26 16:36:40,0,58,59,0
2026-08-26 16:36:41,0,62,59,0
2026-08-26 16:36:42,0,64,60,0
2026-08-26 16:36:43,0,59,53,0
2026-08-26 16:36:44,0,61,64,0
2026-08-26 16:36:46,0,67,56,0
2026-08-26 16:36:47,0,63,57,0
2026-08-26 16:36:47,0,63,60,0
2026-08-26 16:36:48,0,58,61,0
2026-08-26 16:36:49,0,61,58,0
2026-08-26 16:36:50,0,66,57,0
2026-08-26 16:36:51,0,58,63,0
2026-08-26 16:36:53,0,56,55,0
2026-08-26 16:36:53,0,64,55,0
2026-08-26 16:36:54,0,57,59,0
2026-08-26 16:36:55,0,61,57,0
2026-08-26 16:36:56,529,58,55,0
2026-08-26 16:36:57,4009,68,61,0
2026-08-26 16:36:58,5715,67,60,0
2026-08-26 16:36:59,5249,57,56,1
2026-08-26 16:37:00,5510,69,57,1
2026-08-26 16:37:01,6198,66,61,1
2026-08-26 16:37:02,7347,54,56,1
2026-08-26 16:37:03,249,61,55,1
2026-08-26 16:37:04,243,67,52,1
2026-08-26 16:37:05,235,71,44,1
2026-08-26 16:37:06,3905,67,56,1
2026-08-26 16:37:07,4621,66,56,1
2026-08-26 16:37:08,5018,69,52,1
2026-08-26 16:37:09,4976,71,51,1
2026-08-26 16:37:10,5140,67,47,1
2026-08-26 16:37:11,5265,60,49,1
2026-08-26 16:37:12,5334,67,52,1
2026-08-26 16:37:13,5213,68,44,1
2026-08-26 16:37:15,5303,66,57,1
2026-08-26 16:37:15,4908,65,59,1
2026-08-26 16:37:17,353,77,61,1
2026-08-26 16:37:17,347,68,51,1
2026-08-26 16:37:18,348,71,58,1
2026-08-26 16:37:19,374,65,55,1
2026-08-26 16:37:20,2101,71,52,1
2026-08-26 16:37:21,4777,61,47,1
2026-08-26 16:37:23,5346,61,57,1
2026-08-26 16:37:23,6186,68,57,1
2026-08-26 16:37:24,6721,66,56,1
2026-08-26 16:37:25,296,70,58,1
2026-08-26 16:37:26,746,60,51,1
2026-08-26 16:37:27,504,68,55,1
2026-08-26 16:37:28,2397,61,61,1
2026-08-26 16:37:29,3863,64,59,1
2026-08-26 16:37:30,4224,60,56,1
2026-08-26 16:37:31,2810,73,51,1
2026-08-26 16:37:33,3703,61,57,1
2026-08-26 16:37:33,398,70,55,1
2026-08-26 16:37:34,367,61,54,1
2026-08-26 16:37:35,889,75,58,1
2026-08-26 16:37:36,4326,67,66,1
2026-08-26 16:37:37,5113,71,54,1
2026-08-26 16:37:38,4687,66,57,1
2026-08-26 16:37:39,4775,69,57,1
2026-08-26 16:37:40,4626,66,57,1
2026-08-26 16:37:41,4458,67,67,1
2026-08-26 16:37:43,4263,63,57,1
2026-08-26 16:37:43,4925,65,58,1
2026-08-26 16:37:44,5170,68,59,1
2026-08-26 16:37:45,4968,77,65,1
2026-08-26 16:37:46,4852,72,64,1
2026-08-26 16:37:47,4711,75,61,1
2026-08-26 16:37:49,4603,72,60,1
2026-08-26 16:37:49,4791,69,61,1
2026-08-26 16:37:51,4567,72,69,1
2026-08-26 16:37:52,4848,70,69,1
2026-08-26 16:37:53,4907,74,69,1
2026-08-26 16:37:54,4795,71,63,1
2026-08-26 16:37:54,4738,64,66,1
2026-08-26 16:37:55,4842,73,62,1
2026-08-26 16:37:56,5099,70,62,1
2026-08-26 16:37:57,4893,69,55,1
2026-08-26 16:37:58,5833,79,59,1
2026-08-26 16:37:59,6290,71,67,1
2026-08-26 16:38:00,6180,65,50,1
2026-08-26 16:38:01,5912,72,48,1
2026-08-26 16:38:02,5778,65,51,1
2026-08-26 16:38:03,5354,78,51,1
2026-08-26 16:38:04,5563,75,50,1
2026-08-26 16:38:05,5500,76,53,1
2026-08-26 16:38:06,495,71,58,1
2026-08-26 16:38:07,602,71,61,1
2026-08-26 16:38:08,3657,77,56,1
2026-08-26 16:38:09,7027,75,55,1
2026-08-26 16:38:10,6487,68,52,1
2026-08-26 16:38:11,5790,74,57,1
2026-08-26 16:38:12,5527,72,61,1
2026-08-26 16:38:13,5293,74,62,1
2026-08-26 16:38:14,5183,71,60,1
2026-08-26 16:38:15,5119,69,55,1
2026-08-26 16:38:16,4731,75,56,1
2026-08-26 16:38:17,4564,80,64,1
2026-08-26 16:38:18,4142,76,62,1
2026-08-26 16:38:19,1815,66,60,1
2026-08-26 16:38:20,1211,76,64,1
2026-08-26 16:38:21,1195,69,59,1
2026-08-26 16:38:22,4773,67,57,1
2026-08-26 16:38:23,6548,69,60,1
2026-08-26 16:38:24,6634,80,60,1
2026-08-26 16:38:25,425,71,66,1
2026-08-26 16:38:26,314,93,64,1
2026-08-26 16:38:28,316,149,54,1
2026-08-26 16:38:28,309,216,63,1
2026-08-26 16:38:29,295,183,58,1
2026-08-26 16:38:30,274,279,62,1
2026-08-26 16:38:31,267,6385,57,3
2026-08-26 16:38:32,240,6207,60,3
2026-08-26 16:38:33,240,6843,66,3
2026-08-26 16:38:34,221,1021,54,3
2026-08-26 16:38:35,215,7693,63,3
2026-08-26 16:38:36,210,8239,57,3
2026-08-26 16:38:37,190,6979,51,3
2026-08-26 16:38:38,183,7198,47,3
2026-08-26 16:38:39,181,749,57,3
2026-08-26 16:38:40,167,752,56,3
2026-08-26 16:38:41,170,717,58,3
2026-08-26 16:38:42,160,676,48,3
2026-08-26 16:38:43,154,626,56,3
2026-08-26 16:38:44,146,588,51,3
2026-08-26 16:38:45,142,551,52,3
2026-08-26 16:38:46,136,509,40,3
2026-08-26 16:38:47,125,484,159,3
2026-08-26 16:38:48,118,457,180,3
2026-08-26 16:38:49,115,417,131,3
2026-08-26 16:38:50,104,397,150,3
2026-08-26 16:38:51,108,368,115,3
2026-08-26 16:38:52,97,344,188,3
2026-08-26 16:38:53,94,328,2045,3
2026-08-26 16:38:54,87,311,2357,7
2026-08-26 16:38:55,90,291,1985,6
2026-08-26 16:38:56,81,281,423,6
2026-08-26 16:38:57,76,269,1450,6
2026-08-26 16:38:58,72,254,1071,6
2026-08-26 16:38:59,70,237,368,6
2026-08-26 16:39:01,73,218,374,6
2026-08-26 16:39:01,58,210,357,6
2026-08-26 16:39:02,51,194,347,6
2026-08-26 16:39:03,49,187,330,6
2026-08-26 16:39:04,54,185,310,6
2026-08-26 16:39:05,55,175,297,6
2026-08-26 16:39:06,45,174,281,6
2026-08-26 16:39:07,44,168,257,6
2026-08-26 16:39:08,1100,156,243,6
2026-08-26 16:39:09,912,146,239,6
2026-08-26 16:39:10,360,134,224,6
2026-08-26 16:39:11,844,135,214,6
2026-08-26 16:39:12,828,130,212,6
2026-08-26 16:39:13,87,130,198,6
2026-08-26 16:39:14,105,127,198,6
2026-08-26 16:39:15,110,127,190,6
2026-08-26 16:39:16,102,121,187,6
2026-08-26 16:39:18,100,129,180,6
2026-08-26 16:39:18,100,116,165,6
2026-08-26 16:39:19,87,115,165,6
2026-08-26 16:39:20,88,106,159,6
2026-08-26 16:39:21,87,111,156,6
2026-08-26 16:39:22,76,107,145,6
2026-08-26 16:39:23,72,110,146,6
2026-08-26 16:39:24,75,108,139,6
2026-08-26 16:39:25,77,105,135,6
2026-08-26 16:39:26,54,103,140,6
2026-08-26 16:39:27,53,96,132,6
2026-08-26 16:39:28,41,92,135,4
2026-08-26 16:39:29,28,85,125,4
2026-08-26 16:39:30,23,86,119,4
2026-08-26 16:39:31,20,74,120,4
2026-08-26 16:39:32,12,78,117,4
2026-08-26 16:39:33,0,78,118,4
2026-08-26 16:39:34,0,72,113,4
2026-08-26 16:39:35,0,70,113,4
2026-08-26 16:39:36,0,65,113,4
2026-08-26 16:39:37,0,71,109,4
2026-08-26 16:39:38,0,62,107,4
2026-08-26 16:39:39,0,57,112,4
2026-08-26 16:39:40,0,52,106,4
2026-08-26 16:39:41,0,54,112,4
2026-08-26 16:39:42,0,46,113,4
2026-08-26 16:39:43,0,44,101,4
2026-08-26 16:39:44,0,40,102,4
2026-08-26 16:39:45,0,37,108,4
2026-08-26 16:39:46,0,45,103,4
2026-08-26 16:39:47,0,34,100,4
2026-08-26 16:39:48,0,32,97,4
2026-08-26 16:39:49,0,35,97,4
2026-08-26 16:39:50,0,30,101,4
2026-08-26 16:39:51,0,28,89,4
2026-08-26 16:39:52,0,34,97,4
2026-08-26 16:39:53,0,36,94,4
2026-08-26 16:39:54,0,34,90,4
2026-08-26 16:39:55,0,25,93,4
2026-08-26 16:39:56,0,33,81,4
2026-08-26 16:39:57,0,24,86,4
2026-08-26 16:39:58,0,28,86,4
2026-08-26 16:39:59,0,28,79,4
2026-08-26 16:40:00,0,24,87,4
2026-08-26 16:40:01,0,29,87,4
2026-08-26 16:40:02,0,32,81,4
2026-08-26 16:40:03,0,30,86,4
2026-08-26 16:40:04,0,37,93,4
2026-08-26 16:40:05,0,35,87,4
2026-08-26 16:40:06,0,34,88,4
2026-08-26 16:40:07,0,41,80,4
2026-08-26 16:40:08,0,39,85,4
2026-08-26 16:40:09,0,25,85,4
2026-08-26 16:40:10,0,38,88,4
2026-08-26 16:40:11,0,45,83,4
2026-08-26 16:40:12,0,30,82,4
2026-08-26 16:40:13,0,43,81,4
2026-08-26 16:40:14,0,36,80,4
2026-08-26 16:40:15,0,37,86,4
2026-08-26 16:40:16,0,28,82,4
2026-08-26 16:40:17,0,40,81,4
2026-08-26 16:40:18,0,38,76,4
2026-08-26 16:40:19,0,28,79,4
2026-08-26 16:40:20,0,39,73,4
2026-08-26 16:40:21,0,38,79,4
2026-08-26 16:40:22,0,33,81,4
2026-08-26 16:40:23,0,34,89,4
2026-08-26 16:40:24,0,26,78,4
2026-08-26 16:40:25,0,29,83,4
2026-08-26 16:40:26,0,23,72,4
2026-08-26 16:40:27,0,33,74,4
2026-08-26 16:40:28,0,29,81,4
2026-08-26 16:40:29,0,30,72,4
2026-08-26 16:40:30,0,33,77,4
2026-08-26 16:40:31,0,29,74,0
2026-08-26 16:40:32,0,30,77,0
2026-08-26 16:40:33,0,24,77,0
2026-08-26 16:40:34,0,24,78,0
2026-08-26 16:40:35,0,27,82,0
2026-08-26 16:40:36,0,30,83,0
2026-08-26 16:40:37,0,24,76,0
2026-08-26 16:40:38,0,34,73,0
2026-08-26 16:40:39,0,35,71,0
2026-08-26 16:40:40,0,26,68,0
2026-08-26 16:40:41,0,29,74,0
2026-08-26 16:40:42,0,27,76,0
2026-08-26 16:40:43,0,26,78,0
2026-08-26 16:40:44,0,28,75,0
2026-08-26 16:40:45,0,20,72,0
2026-08-26 16:40:46,0,30,81,0
2026-08-26 16:40:47,0,26,82,0
2026-08-26 16:40:48,0,22,70,0
2026-08-26 16:40:49,0,20,69,0
2026-08-26 16:40:50,0,31,74,0
2026-08-26 16:40:51,0,28,76,0
2026-08-26 16:40:52,0,28,84,0
2026-08-26 16:40:53,0,28,77,0
2026-08-26 16:40:54,0,29,78,0
2026-08-26 16:40:55,0,24,72,0
2026-08-26 16:40:56,0,25,74,0
2026-08-26 16:40:57,0,31,77,0
2026-08-26 16:40:58,0,22,81,0
2026-08-26 16:40:59,0,36,83,0
2026-08-26 16:41:00,0,32,70,0
2026-08-26 16:41:01,0,34,76,0
2026-08-26 16:41:02,0,32,66,0
2026-08-26 16:41:03,0,39,76,0
2026-08-26 16:41:04,0,37,79,0
2026-08-26 16:41:05,0,33,73,0
2026-08-26 16:41:06,0,35,76,0
2026-08-26 16:41:07,0,37,72,0
2026-08-26 16:41:08,0,34,78,0
2026-08-26 16:41:09,0,39,75,0
2026-08-26 16:41:10,0,36,71,0
2026-08-26 16:41:11,0,34,70,0
2026-08-26 16:41:12,0,37,74,0
2026-08-26 16:41:13,0,30,72,0
2026-08-26 16:41:14,0,21,76,0
2026-08-26 16:41:15,0,37,72,0
2026-08-26 16:41:16,0,30,72,0
2026-08-26 16:41:17,0,37,71,0
2026-08-26 16:41:18,0,34,77,0
2026-08-26 16:41:19,0,41,78,0
2026-08-26 16:41:20,0,32,80,0
2026-08-26 16:41:21,0,31,77,0
2026-08-26 16:41:22,0,32,78,0
2026-08-26 16:41:23,0,31,83,0
2026-08-26 16:41:24,0,34,77,0
2026-08-26 16:41:25,0,37,72,0
2026-08-26 16:41:26,0,31,78,0
2026-08-26 16:41:27,0,34,88,0
2026-08-26 16:41:28,0,33,73,0
2026-08-26 16:41:29,0,27,83,0
2026-08-26 16:41:30,0,25,78,0
2026-08-26 16:41:31,0,30,81,0
2026-08-26 16:41:32,0,30,71,0
2026-08-26 16:41:33,0,30,66,0
2026-08-26 16:41:34,0,20,78,0
2026-08-26 16:41:35,0,27,76,0
2026-08-26 16:41:36,0,32,76,0
2026-08-26 16:41:37,0,23,75,0
2026-08-26 16:41:38,0,23,78,0
2026-08-26 16:41:39,0,21,80,0
2026-08-26 16:41:40,0,23,78,0
2026-08-26 16:41:41,0,25,79,0
2026-08-26 16:41:42,0,26,75,0
2026-08-26 16:41:43,0,22,74,0
2026-08-26 16:41:44,0,23,75,0
2026-08-26 16:41:45,0,18,79,0
2026-08-26 16:41:46,0,16,76,0
2026-08-26 16:41:47,0,14,67,0
2026-08-26 16:41:48,0,23,69,0
2026-08-26 16:41:49,0,15,77,0
2026-08-26 16:41:50,0,22,77,0
2026-08-26 16:41:51,0,17,79,0
2026-08-26 16:41:52,0,18,72,0
2026-08-26 16:41:53,0,8,75,0
2026-08-26 16:41:54,0,11,78,0
2026-08-26 16:41:55,0,10,79,0
2026-08-26 16:41:56,0,16,74,0
2026-08-26 16:41:57,0,17,78,0
2026-08-26 16:41:58,0,25,84,0
2026-08-26 16:41:59,0,18,77,0
2026-08-26 16:42:00,0,12,75,0
2026-08-26 16:42:01,0,8,78,0
2026-08-26 16:42:02,0,12,84,0
2026-08-26 16:42:03,0,11,78,0
2026-08-26 16:42:04,0,7,78,0
2026-08-26 16:42:05,0,12,72,0
2026-08-26 16:42:06,0,12,77,0
2026-08-26 16:42:07,0,13,80,0
2026-08-26 16:42:08,0,11,74,0
2026-08-26 16:42:09,0,8,81,0
2026-08-26 16:42:10,0,16,80,0
2026-08-26 16:42:11,0,8,80,0
2026-08-26 16:42:12,0,9,77,0
2026-08-26 16:42:13,0,14,81,0
2026-08-26 16:42:14,0,14,80,0
2026-08-26 16:42:15,0,12,78,0
2026-08-26 16:42:16,0,14,77,0
2026-08-26 16:42:17,0,10,83,0
2026-08-26 16:42:18,0,12,71,0
2026-08-26 16:42:19,0,14,78,0
2026-08-26 16:42:20,0,15,73,0
2026-08-26 16:42:21,0,17,75,0
2026-08-26 16:42:22,0,15,71,0
2026-08-26 16:42:23,0,18,79,0
2026-08-26 16:42:24,0,23,77,0
2026-08-26 16:42:25,0,15,70,0
2026-08-26 16:42:26,0,11,73,0
2026-08-26 16:42:27,0,11,68,0
2026-08-26 16:42:28,0,18,78,0
2026-08-26 16:42:29,0,19,78,0
2026-08-26 16:42:30,0,22,77,0
2026-08-26 16:42:32,0,7,73,0
2026-08-26 16:42:32,0,16,73,0
2026-08-26 16:42:33,0,15,77,0
2026-08-26 16:42:34,0,23,70,0
2026-08-26 16:42:35,0,19,73,0
2026-08-26 16:42:36,0,11,71,0
2026-08-26 16:42:37,0,13,78,0
2026-08-26 16:42:38,0,15,68,0
2026-08-26 16:42:39,0,14,68,0
2026-08-26 16:42:40,0,14,73,0
2026-08-26 16:42:41,0,24,76,0
2026-08-26 16:42:42,0,12,80,0
2026-08-26 16:42:43,0,18,79,0
2026-08-26 16:42:44,0,16,75,0
2026-08-26 16:42:45,0,16,75,0
2026-08-26 16:42:46,0,13,76,0
2026-08-26 16:42:47,0,18,77,0
2026-08-26 16:42:48,0,19,74,0
2026-08-26 16:42:49,0,20,70,0
2026-08-26 16:42:50,0,19,70,0
2026-08-26 16:42:51,0,12,76,0
2026-08-26 16:42:52,0,12,73,0
2026-08-26 16:42:53,0,10,74,0
2026-08-26 16:42:54,0,9,78,0
2026-08-26 16:42:55,0,10,75,0
2026-08-26 16:42:56,0,15,73,0
2026-08-26 16:42:57,0,12,73,0
2026-08-26 16:42:58,0,12,77,0
2026-08-26 16:42:59,0,9,69,0
2026-08-26 16:43:00,0,10,69,0
2026-08-26 16:43:01,0,14,79,0
2026-08-26 16:43:02,0,11,80,0
2026-08-26 16:43:03,0,11,81,0
2026-08-26 16:43:04,0,9,72,0
2026-08-26 16:43:05,0,2,75,0
2026-08-26 16:43:07,0,13,77,0
2026-08-26 16:43:07,0,6,81,0
2026-08-26 16:43:08,0,5,68,0
2026-08-26 16:43:09,0,11,71,0
2026-08-26 16:43:10,0,0,75,0
2026-08-26 16:43:11,0,12,87,0
2026-08-26 16:43:12,0,12,102,0
2026-08-26 16:43:13,0,10,109,0
2026-08-26 16:43:14,0,11,104,0
2026-08-26 16:43:15,0,14,112,0
2026-08-26 16:43:16,0,4,117,0
2026-08-26 16:43:17,0,10,118,0
2026-08-26 16:43:18,0,8,121,0
2026-08-26 16:43:19,0,0,117,0
2026-08-26 16:43:20,0,0,115,0
2026-08-26 16:43:22,0,0,113,0
2026-08-26 16:43:22,0,1,114,0
2026-08-26 16:43:23,0,0,103,0
2026-08-26 16:43:24,0,6,107,0
2026-08-26 16:43:25,0,9,108,0
2026-08-26 16:43:26,0,0,105,0
2026-08-26 16:43:27,0,0,105,0
2026-08-26 16:43:28,0,0,104,0
2026-08-26 16:43:29,0,5,110,0
2026-08-26 16:43:30,0,6,108,0
2026-08-26 16:43:31,0,10,98,0
2026-08-26 16:43:32,0,4,96,0
2026-08-26 16:43:33,0,2,95,0
2026-08-26 16:43:34,0,8,98,0
2026-08-26 16:43:35,0,0,98,0
2026-08-26 16:43:36,0,6,99,0
2026-08-26 16:43:37,0,5,100,0
2026-08-26 16:43:38,0,13,92,0
2026-08-26 16:43:39,0,2,92,0
2026-08-26 16:43:40,0,12,102,0
2026-08-26 16:43:41,0,15,87,0
2026-08-26 16:43:42,0,11,89,0
2026-08-26 16:43:43,0,13,91,0
2026-08-26 16:43:44,0,17,88,0
2026-08-26 16:43:45,0,12,83,0
2026-08-26 16:43:46,0,14,87,0
2026-08-26 16:43:47,0,10,89,0
2026-08-26 16:43:48,0,15,88,0
2026-08-26 16:43:49,0,13,79,0
2026-08-26 16:43:50,0,12,80,0
2026-08-26 16:43:51,0,17,84,0
2026-08-26 16:43:52,0,15,81,0
2026-08-26 16:43:53,0,12,80,0
2026-08-26 16:43:54,0,6,82,0
2026-08-26 16:43:55,0,16,86,0
2026-08-26 16:43:56,0,12,85,0
2026-08-26 16:43:57,0,12,80,0
2026-08-26 16:43:58,0,11,86,0
2026-08-26 16:43:59,0,8,88,0
2026-08-26 16:44:00,0,14,92,0
2026-08-26 16:44:01,0,20,89,0
2026-08-26 16:44:02,0,10,85,0
2026-08-26 16:44:03,0,17,81,0
2026-08-26 16:44:04,0,1,84,0
2026-08-26 16:44:05,0,14,84,0
2026-08-26 16:44:06,0,17,86,0
2026-08-26 16:44:07,0,11,78,0
2026-08-26 16:44:08,0,5,84,0
2026-08-26 16:44:09,0,3,83,0
2026-08-26 16:44:10,0,17,84,0
2026-08-26 16:44:11,0,11,75,0
2026-08-26 16:44:12,0,14,71,0
2026-08-26 16:44:13,0,7,81,0
2026-08-26 16:44:14,0,0,80,0
2026-08-26 16:44:15,0,7,80,0
2026-08-26 16:44:16,0,10,84,0
2026-08-26 16:44:17,0,0,73,0
2026-08-26 16:44:18,0,0,85,0
2026-08-26 16:44:19,0,5,78,0
2026-08-26 16:44:20,0,7,89,0
2026-08-26 16:44:21,0,0,75,0
2026-08-26 16:44:22,0,0,80,0
2026-08-26 16:44:23,0,3,85,0
2026-08-26 16:44:24,0,5,78,0
2026-08-26 16:44:25,0,7,85,0
2026-08-26 16:44:26,0,4,80,0
2026-08-26 16:44:27,0,0,78,0
2026-08-26 16:44:28,0,0,72,0
2026-08-26 16:44:29,0,1,79,0
2026-08-26 16:44:30,0,0,74,0
2026-08-26 16:44:31,0,0,85,0
2026-08-26 16:44:32,0,0,75,0
2026-08-26 16:44:33,0,0,72,0
2026-08-26 16:44:34,0,0,75,0
2026-08-26 16:44:35,0,0,73,0
2026-08-26 16:44:36,0,0,76,0
2026-08-26 16:44:37,0,1,76,0
2026-08-26 16:44:38,0,0,69,0
2026-08-26 16:44:39,0,0,71,0
2026-08-26 16:44:40,0,0,71,0
2026-08-26 16:44:41,0,0,78,0
2026-08-26 16:44:42,0,0,78,0
2026-08-26 16:44:43,0,0,69,0
2026-08-26 16:44:44,0,0,68,0
2026-08-26 16:44:45,0,0,65,0
2026-08-26 16:44:46,0,1,70,0
2026-08-26 16:44:47,0,0,67,0
2026-08-26 16:44:48,0,0,71,0
2026-08-26 16:44:49,0,0,66,0
2026-08-26 16:44:50,0,0,68,0
2026-08-26 16:44:52,0,0,73,0
2026-08-26 16:44:52,0,0,74,0
2026-08-26 16:44:53,0,0,64,0
2026-08-26 16:44:54,0,0,71,0
2026-08-26 16:44:55,0,0,67,0
2026-08-26 16:44:56,0,0,67,0
2026-08-26 16:44:57,0,0,70,0
2026-08-26 16:44:58,0,0,76,0
2026-08-26 16:44:59,0,0,70,0
2026-08-26 16:45:00,0,0,67,0
2026-08-26 16:45:01,0,0,66,0
2026-08-26 16:45:03,0,0,66,0
2026-08-26 16:45:03,0,0,60,0
2026-08-26 16:45:04,0,0,65,0
2026-08-26 16:45:05,0,0,64,0
2026-08-26 16:45:06,0,0,71,0
2026-08-26 16:45:07,0,0,62,0
2026-08-26 16:45:08,0,0,68,0
2026-08-26 16:45:09,0,0,68,0
2026-08-26 16:45:10,0,0,66,0
2026-08-26 16:45:11,0,0,63,0
2026-08-26 16:45:12,0,0,67,0
2026-08-26 16:45:13,0,3,69,0
2026-08-26 16:45:14,0,0,69,0
2026-08-26 16:45:15,0,0,67,0
2026-08-26 16:45:16,0,0,72,0
2026-08-26 16:45:17,0,0,70,0
2026-08-26 16:45:18,0,0,61,0
2026-08-26 16:45:19,0,0,60,0
2026-08-26 16:45:20,0,0,64,0
2026-08-26 16:45:21,0,0,69,0
2026-08-26 16:45:22,0,0,72,0
2026-08-26 16:45:23,0,0,62,0
2026-08-26 16:45:24,0,0,65,0
2026-08-26 16:45:25,0,0,65,0
2026-08-26 16:45:26,0,0,66,0
2026-08-26 16:45:27,0,0,65,0
2026-08-26 16:45:28,0,0,59,0
2026-08-26 16:45:29,0,0,62,0
2026-08-26 16:45:30,0,0,60,0
2026-08-26 16:45:31,0,0,65,0
2026-08-26 16:45:32,0,0,66,0
2026-08-26 16:45:33,0,0,57,0
2026-08-26 16:45:34,0,0,66,0
2026-08-26 16:45:35,0,0,61,0
2026-08-26 16:45:36,0,0,71,0
2026-08-26 16:45:37,0,0,64,0
2026-08-26 16:45:38,0,0,74,0
2026-08-26 16:45:39,0,0,57,0
2026-08-26 16:45:40,0,0,62,0
2026-08-26 16:45:41,0,0,65,0
2026-08-26 16:45:45,0,0,64,0
2026-08-26 16:45:45,0,0,59,0
2026-08-26 16:45:45,0,0,57,0
2026-08-26 16:45:45,0,0,61,0
2026-08-26 16:45:46,0,0,60,0
2026-08-26 16:45:47,0,0,61,0
2026-08-26 16:45:48,0,0,55,0
2026-08-26 16:45:49,0,0,66,0
2026-08-26 16:45:50,0,0,60,0
2026-08-26 16:45:51,0,0,63,0
2026-08-26 16:45:52,0,0,59,0
2026-08-26 16:45:53,0,0,62,0
2026-08-26 16:45:54,0,0,60,0
2026-08-26 16:45:55,0,0,62,0
2026-08-26 16:45:56,0,0,54,0
2026-08-26 16:45:57,0,0,56,0
2026-08-26 16:45:58,0,0,57,0
2026-08-26 16:45:59,0,0,53,0
2026-08-26 16:46:00,0,0,51,0
2026-08-26 16:46:01,0,0,56,0
2026-08-26 16:46:02,0,0,52,0
2026-08-26 16:46:03,0,0,51,0
2026-08-26 16:46:04,0,0,66,0
2026-08-26 16:46:05,0,0,58,0
2026-08-26 16:46:06,0,0,56,0
2026-08-26 16:46:07,0,0,64,0
2026-08-26 16:46:08,0,0,58,0
2026-08-26 16:46:09,0,0,62,0
2026-08-26 16:46:10,0,0,52,0
2026-08-26 16:46:11,0,0,61,0
2026-08-26 16:46:12,0,0,62,0
2026-08-26 16:46:13,0,0,49,0
2026-08-26 16:46:14,0,0,58,0
2026-08-26 16:46:15,0,0,63,0
2026-08-26 16:46:16,0,0,58,0
2026-08-26 16:46:17,0,0,57,0
2026-08-26 16:46:18,0,0,57,0
2026-08-26 16:46:19,0,0,60,0
2026-08-26 16:46:20,0,0,51,0
2026-08-26 16:46:21,0,0,57,0
2026-08-26 16:46:22,0,0,54,0
2026-08-26 16:46:23,0,0,57,0
2026-08-26 16:46:24,0,0,55,0
2026-08-26 16:46:25,0,0,58,0
2026-08-26 16:46:26,0,0,53,0
2026-08-26 16:46:27,0,0,51,0
2026-08-26 16:46:28,0,0,45,0
2026-08-26 16:46:29,0,0,54,0
2026-08-26 16:46:30,0,0,58,0
2026-08-26 16:46:31,0,0,55,0
2026-08-26 16:46:32,0,0,54,0
2026-08-26 16:46:33,0,0,58,0
2026-08-26 16:46:34,0,0,62,0
2026-08-26 16:46:35,0,0,59,0
2026-08-26 16:46:36,0,0,54,0
2026-08-26 16:46:37,0,0,60,0
2026-08-26 16:46:38,0,0,53,0
2026-08-26 16:46:39,0,0,52,0
2026-08-26 16:46:40,0,0,61,0
2026-08-26 16:46:41,0,0,63,0
2026-08-26 16:46:42,0,0,55,0
2026-08-26 16:46:43,0,0,53,0
2026-08-26 16:46:44,0,0,53,0
2026-08-26 16:46:45,0,0,56,0
2026-08-26 16:46:46,0,0,54,0
2026-08-26 16:46:47,0,0,60,0
2026-08-26 16:46:48,0,0,52,0
2026-08-26 16:46:49,0,0,60,0
2026-08-26 16:46:50,0,0,54,0
2026-08-26 16:46:51,0,0,54,0
2026-08-26 16:46:52,0,0,56,0
2026-08-26 16:46:53,0,0,53,0
2026-08-26 16:46:54,0,0,59,0
2026-08-26 16:46:55,0,0,54,0
2026-08-26 16:46:56,0,0,59,0
2026-08-26 16:46:57,0,0,56,0
2026-08-26 16:46:58,0,0,55,0
2026-08-26 16:46:59,0,0,48,0
2026-08-26 16:47:00,0,0,54,0
2026-08-26 16:47:01,0,0,53,0
2026-08-26 16:47:02,0,0,50,0
2026-08-26 16:47:03,0,0,46,0
2026-08-26 16:47:04,0,0,50,0
2026-08-26 16:47:05,0,0,46,0
2026-08-26 16:47:06,0,0,54,0
2026-08-26 16:47:07,0,0,47,0
2026-08-26 16:47:08,0,0,47,0
2026-08-26 16:47:09,0,0,45,0
2026-08-26 16:47:10,0,0,49,0
2026-08-26 16:47:11,0,0,46,0
2026-08-26 16:47:12,0,0,43,0
2026-08-26 16:47:13,0,0,53,0
2026-08-26 16:47:14,0,0,45,0
2026-08-26 16:47:15,0,0,43,0
2026-08-26 16:47:16,0,0,53,0
2026-08-26 16:47:17,0,0,44,0
2026-08-26 16:47:18,0,0,44,0
2026-08-26 16:47:19,0,0,48,0
2026-08-26 16:47:20,0,0,42,0
2026-08-26 16:47:21,0,0,46,0
2026-08-26 16:47:22,0,0,50,0
2026-08-26 16:47:23,0,0,44,0
2026-08-26 16:47:24,0,0,48,0
2026-08-26 16:47:25,0,0,46,0
2026-08-26 16:47:26,0,0,46,0
2026-08-26 16:47:27,0,0,47,0
2026-08-26 16:47:28,0,0,40,0
2026-08-26 16:47:29,0,0,44,0
2026-08-26 16:47:30,0,0,40,0
2026-08-26 16:47:32,0,0,43,0
2026-08-26 16:47:32,0,0,40,0
2026-08-26 16:47:33,0,0,49,0
2026-08-26 16:47:34,0,0,45,0
2026-08-26 16:47:35,0,0,46,0
2026-08-26 16:47:36,0,0,46,0
2026-08-26 16:47:37,0,0,39,0
2026-08-26 16:47:38,0,0,42,0
2026-08-26 16:47:39,0,0,37,0
2026-08-26 16:47:40,0,0,44,0
2026-08-26 16:47:41,0,0,41,0
2026-08-26 16:47:42,0,0,41,0
2026-08-26 16:47:43,0,0,41,0
2026-08-26 16:47:44,0,0,41,0
2026-08-26 16:47:45,0,0,39,0
2026-08-26 16:47:46,0,0,39,0
2026-08-26 16:47:47,0,0,40,0
2026-08-26 16:47:48,0,0,40,0
2026-08-26 16:47:49,0,0,36,0
2026-08-26 16:47:50,0,0,35,0
2026-08-26 16:47:51,0,0,35,0
2026-08-26 16:47:52,0,0,35,0
2026-08-26 16:47:53,0,0,39,0
2026-08-26 16:47:55,0,0,33,0
2026-08-26 16:47:56,0,0,42,0
2026-08-26 16:47:56,0,0,41,0
2026-08-26 16:47:57,0,0,35,0
2026-08-26 16:47:58,0,0,34,0
2026-08-26 16:47:59,0,0,39,0
2026-08-26 16:48:00,0,0,31,0
2026-08-26 16:48:01,0,0,36,0
2026-08-26 16:48:02,0,0,37,0
2026-08-26 16:48:03,0,0,31,0
2026-08-26 16:48:04,0,0,37,0
2026-08-26 16:48:05,0,0,35,0
2026-08-26 16:48:06,0,0,25,0
2026-08-26 16:48:07,0,0,41,0
2026-08-26 16:48:08,0,0,37,0
2026-08-26 16:48:09,0,0,34,0
2026-08-26 16:48:10,0,0,36,0
2026-08-26 16:48:11,0,0,35,0
2026-08-26 16:48:12,0,0,38,0
2026-08-26 16:48:13,0,0,35,0
2026-08-26 16:48:14,0,0,36,0
2026-08-26 16:48:15,0,0,36,0
2026-08-26 16:48:16,0,0,41,0
2026-08-26 16:48:17,0,0,31,0
2026-08-26 16:48:18,0,0,37,0
2026-08-26 16:48:19,0,0,35,0
2026-08-26 16:48:20,0,0,31,0
2026-08-26 16:48:21,0,0,36,0
2026-08-26 16:48:22,0,0,37,0
2026-08-26 16:48:23,0,0,33,0
2026-08-26 16:48:24,0,0,35,0
2026-08-26 16:48:25,0,0,41,0
2026-08-26 16:48:26,0,0,37,0
2026-08-26 16:48:27,0,0,38,0
2026-08-26 16:48:28,0,0,40,0
2026-08-26 16:48:29,0,0,30,0
2026-08-26 16:48:30,0,0,31,0
2026-08-26 16:48:31,0,0,35,0
2026-08-26 16:48:32,0,0,34,0
2026-08-26 16:48:33,0,0,26,0
2026-08-26 16:48:34,0,0,34,0
2026-08-26 16:48:35,0,0,34,0
2026-08-26 16:48:36,0,0,35,0
2026-08-26 16:48:37,0,0,37,0
2026-08-26 16:48:38,0,0,33,0
2026-08-26 16:48:39,0,0,34,0
2026-08-26 16:48:40,0,0,37,0
2026-08-26 16:48:41,0,0,38,0
2026-08-26 16:48:42,0,0,36,0
2026-08-26 16:48:43,0,0,34,0
2026-08-26 16:48:44,0,0,38,0
2026-08-26 16:48:45,0,0,33,0
2026-08-26 16:48:46,0,0,30,0
2026-08-26 16:48:47,0,0,35,0
2026-08-26 16:48:48,0,0,27,0
2026-08-26 16:48:49,0,0,36,0
2026-08-26 16:48:50,0,0,35,0
2026-08-26 16:48:51,0,0,35,0
2026-08-26 16:48:52,0,0,33,0
2026-08-26 16:48:53,0,0,44,0
2026-08-26 16:48:54,0,0,26,0
2026-08-26 16:48:55,0,0,29,0
2026-08-26 16:48:56,0,0,31,0
2026-08-26 16:48:57,0,0,38,0
2026-08-26 16:48:58,0,0,36,0
2026-08-26 16:48:59,0,0,32,0
2026-08-26 16:49:00,0,0,30,0
2026-08-26 16:49:01,0,0,35,0
2026-08-26 16:49:02,0,0,29,0
2026-08-26 16:49:03,0,0,33,0
2026-08-26 16:49:04,0,0,36,0
2026-08-26 16:49:05,0,0,31,0
2026-08-26 16:49:06,0,0,34,0
2026-08-26 16:49:07,0,0,38,0
2026-08-26 16:49:08,0,0,30,0
2026-08-26 16:49:09,0,0,32,0
2026-08-26 16:49:10,0,0,39,0
2026-08-26 16:49:11,0,0,31,0
2026-08-26 16:49:12,0,0,32,0
2026-08-26 16:49:13,0,0,35,0
2026-08-26 16:49:14,0,0,31,0
2026-08-26 16:49:15,0,0,35,0
2026-08-26 16:49:16,0,0,34,0
2026-08-26 16:49:17,0,0,39,0
2026-08-26 16:49:18,0,0,45,0
2026-08-26 16:49:19,0,0,30,0
2026-08-26 16:49:20,0,0,36,0
2026-08-26 16:49:24,0,0,38,0
2026-08-26 16:49:24,0,0,34,0
2026-08-26 16:49:24,0,0,40,0
2026-08-26 16:49:24,0,0,37,0
2026-08-26 16:49:25,0,0,27,0
2026-08-26 16:49:26,0,0,40,0
2026-08-26 16:49:27,0,0,28,0
2026-08-26 16:49:28,0,0,25,0
2026-08-26 16:49:29,0,0,37,0
2026-08-26 16:49:30,0,0,34,0
2026-08-26 16:49:31,0,0,35,0
2026-08-26 16:49:32,0,0,35,0
2026-08-26 16:49:33,0,0,35,0
2026-08-26 16:49:34,0,0,33,0
2026-08-26 16:49:35,0,0,42,0
2026-08-26 16:49:36,0,0,40,0
2026-08-26 16:49:37,0,0,33,0
2026-08-26 16:49:38,0,0,35,0
2026-08-26 16:49:39,0,0,24,0
2026-08-26 16:49:40,0,0,29,0
2026-08-26 16:49:41,0,0,26,0
2026-08-26 16:49:42,0,0,30,0
2026-08-26 16:49:43,0,0,40,0
2026-08-26 16:49:44,0,0,37,0
2026-08-26 16:49:45,0,0,36,0
2026-08-26 16:49:46,0,0,33,0
2026-08-26 16:49:47,0,0,31,0
2026-08-26 16:49:48,0,0,28,0
2026-08-26 16:49:49,0,0,39,0
2026-08-26 16:49:50,0,0,30,0
2026-08-26 16:49:51,0,0,32,0
2026-08-26 16:49:52,0,0,33,0
2026-08-26 16:49:53,0,0,30,0
2026-08-26 16:49:54,0,0,26,0
2026-08-26 16:49:55,0,0,28,0
2026-08-26 16:49:56,0,0,28,0
2026-08-26 16:49:57,0,0,29,0
2026-08-26 16:49:58,0,0,31,0
2026-08-26 16:49:59,0,0,34,0
2026-08-26 16:50:00,0,0,32,0
2026-08-26 16:50:01,0,0,35,0
2026-08-26 16:50:02,0,0,40,0
2026-08-26 16:50:03,0,0,32,0
2026-08-26 16:50:04,0,0,37,0
2026-08-26 16:50:05,0,0,23,0
2026-08-26 16:50:06,0,0,29,0
2026-08-26 16:50:07,0,0,27,0
2026-08-26 16:50:08,0,0,32,0
2026-08-26 16:50:09,0,0,39,0
2026-08-26 16:50:10,0,0,31,0
2026-08-26 16:50:11,0,0,28,0
2026-08-26 16:50:12,0,0,30,0
2026-08-26 16:50:13,0,0,35,0
2026-08-26 16:50:14,0,0,34,0
2026-08-26 16:50:15,0,0,26,0
2026-08-26 16:50:16,0,0,29,0
2026-08-26 16:50:17,0,0,35,0
2026-08-26 16:50:18,0,0,36,0
2026-08-26 16:50:19,0,0,31,0
2026-08-26 16:50:20,0,0,28,0
2026-08-26 16:50:21,0,0,21,0
2026-08-26 16:50:22,0,0,32,0
2026-08-26 16:50:23,0,0,27,0
2026-08-26 16:50:24,0,0,23,0
2026-08-26 16:50:25,0,0,24,0
2026-08-26 16:50:26,0,0,23,0
2026-08-26 16:50:27,0,0,29,0
2026-08-26 16:50:28,0,0,16,0
2026-08-26 16:50:29,0,0,28,0
2026-08-26 16:50:30,0,0,26,0
2026-08-26 16:50:31,0,0,35,0
2026-08-26 16:50:32,0,0,34,0
2026-08-26 16:50:33,0,0,26,0
2026-08-26 16:50:34,0,0,29,0
2026-08-26 16:50:35,0,0,38,0
2026-08-26 16:50:36,0,0,33,0
2026-08-26 16:50:37,0,0,24,0
2026-08-26 16:50:38,0,0,31,0
2026-08-26 16:50:39,0,0,27,0
2026-08-26 16:50:40,0,0,34,0
2026-08-26 16:50:41,0,0,29,0
2026-08-26 16:50:42,0,0,31,0
2026-08-26 16:50:43,0,0,28,0
2026-08-26 16:50:44,0,0,32,0
2026-08-26 16:50:45,0,0,27,0
2026-08-26 16:50:46,0,0,31,0
2026-08-26 16:50:47,0,0,28,0
2026-08-26 16:50:48,0,0,37,0
2026-08-26 16:50:49,0,0,30,0
2026-08-26 16:50:50,0,0,34,0
2026-08-26 16:50:51,0,0,27,0
2026-08-26 16:50:52,0,0,38,0
2026-08-26 16:50:53,0,0,35,0
2026-08-26 16:50:54,0,0,23,0
2026-08-26 16:50:55,0,0,28,0
2026-08-26 16:50:56,0,0,29,0
2026-08-26 16:50:57,0,0,28,0
2026-08-26 16:50:58,0,0,30,0
2026-08-26 16:50:59,0,0,37,0
2026-08-26 16:51:00,0,0,34,0
2026-08-26 16:51:01,0,0,24,0
2026-08-26 16:51:02,0,0,26,0
2026-08-26 16:51:03,0,0,35,0
2026-08-26 16:51:04,0,0,32,0
2026-08-26 16:51:05,0,0,31,0
2026-08-26 16:51:06,0,0,35,0
2026-08-26 16:51:07,0,0,32,0
2026-08-26 16:51:08,0,0,31,0
2026-08-26 16:51:09,0,0,37,0
2026-08-26 16:51:10,0,0,35,0
2026-08-26 16:51:11,0,0,35,0
2026-08-26 16:51:12,0,0,27,0
2026-08-26 16:51:13,0,0,25,0
2026-08-26 16:51:14,0,0,37,0
2026-08-26 16:51:15,0,0,37,0
2026-08-26 16:51:16,0,0,35,0
2026-08-26 16:51:17,0,0,35,0
2026-08-26 16:51:18,0,0,30,0
2026-08-26 16:51:19,0,0,28,0
2026-08-26 16:51:20,0,0,31,0
2026-08-26 16:51:21,0,0,31,0
2026-08-26 16:51:22,0,0,39,0
2026-08-26 16:51:23,0,0,39,0
2026-08-26 16:51:24,0,0,37,0
2026-08-26 16:51:25,0,0,36,0
2026-08-26 16:51:26,0,0,30,0
2026-08-26 16:51:27,0,0,36,0
2026-08-26 16:51:28,0,0,36,0
2026-08-26 16:51:29,0,0,27,0
2026-08-26 16:51:30,0,0,24,0
2026-08-26 16:51:31,0,0,29,0
2026-08-26 16:51:32,0,0,32,0
2026-08-26 16:51:33,0,0,33,0
2026-08-26 16:51:34,0,0,34,0
2026-08-26 16:51:35,0,0,43,0
2026-08-26 16:51:36,0,0,34,0
2026-08-26 16:51:37,0,0,32,0
2026-08-26 16:51:38,0,0,27,0
2026-08-26 16:51:39,0,0,32,0
2026-08-26 16:51:40,0,0,32,0
2026-08-26 16:51:41,0,0,33,0
2026-08-26 16:51:42,0,0,27,0
2026-08-26 16:51:43,0,0,32,0
2026-08-26 16:51:44,0,0,32,0
2026-08-26 16:51:45,0,0,35,0
2026-08-26 16:51:46,0,0,23,0
2026-08-26 16:51:47,0,0,23,0
2026-08-26 16:51:48,0,0,31,0
2026-08-26 16:51:49,0,0,22,0
2026-08-26 16:51:50,0,0,23,0
2026-08-26 16:51:51,0,0,26,0
2026-08-26 16:51:52,0,0,26,0
2026-08-26 16:51:53,0,0,29,0
2026-08-26 16:51:54,0,0,25,0
2026-08-26 16:51:55,0,0,23,0
2026-08-26 16:51:56,0,0,20,0
2026-08-26 16:51:57,0,0,20,0
2026-08-26 16:51:58,0,0,24,0
2026-08-26 16:51:59,0,0,24,0
2026-08-26 16:52:00,0,0,23,0
2026-08-26 16:52:01,0,0,21,0
2026-08-26 16:52:02,0,0,25,0
2026-08-26 16:52:03,0,0,20,0
2026-08-26 16:52:04,0,0,22,0
2026-08-26 16:52:05,0,0,28,0
2026-08-26 16:52:06,0,0,27,0
2026-08-26 16:52:07,0,0,28,0
2026-08-26 16:52:08,0,0,22,0
2026-08-26 16:52:09,0,0,16,0
2026-08-26 16:52:10,0,0,15,0
2026-08-26 16:52:11,0,0,24,0
2026-08-26 16:52:12,0,0,16,0
2026-08-26 16:52:13,0,0,21,0
2026-08-26 16:52:14,0,0,20,0
2026-08-26 16:52:15,0,0,19,0
2026-08-26 16:52:16,0,0,21,0
2026-08-26 16:52:17,0,0,14,0
2026-08-26 16:52:18,0,0,23,0
2026-08-26 16:52:19,0,0,26,0
2026-08-26 16:52:20,0,0,22,0
2026-08-26 16:52:21,0,0,17,0
2026-08-26 16:52:22,0,0,19,0
2026-08-26 16:52:23,0,0,22,0
2026-08-26 16:52:24,0,0,17,0
2026-08-26 16:52:25,0,0,22,0
2026-08-26 16:52:26,0,0,25,0
2026-08-26 16:52:27,0,0,16,0
2026-08-26 16:52:28,0,0,20,0
2026-08-26 16:52:29,0,0,16,0
2026-08-26 16:52:30,0,0,20,0
2026-08-26 16:52:31,0,0,26,0
2026-08-26 16:52:32,0,0,23,0
2026-08-26 16:52:33,0,0,27,0
2026-08-26 16:52:34,0,0,15,0
2026-08-26 16:52:35,0,0,19,0
2026-08-26 16:52:36,0,0,14,0
2026-08-26 16:52:37,0,0,17,0
2026-08-26 16:52:38,0,0,19,0
2026-08-26 16:52:39,0,0,15,0
2026-08-26 16:52:40,0,0,24,0
2026-08-26 16:52:41,0,0,21,0
2026-08-26 16:52:42,0,0,21,0
2026-08-26 16:52:43,0,0,26,0
2026-08-26 16:52:44,0,0,22,0
2026-08-26 16:52:45,0,0,25,0
2026-08-26 16:52:46,0,0,27,0
2026-08-26 16:52:47,0,0,22,0
2026-08-26 16:52:48,0,0,20,0
2026-08-26 16:52:49,0,0,26,0
2026-08-26 16:52:50,0,0,19,0
2026-08-26 16:52:51,0,0,20,0
2026-08-26 16:52:52,0,0,25,0
2026-08-26 16:52:53,0,0,14,0
2026-08-26 16:52:54,0,0,22,0
2026-08-26 16:52:55,0,0,23,0
2026-08-26 16:52:56,0,0,21,0
2026-08-26 16:52:57,0,0,18,0
2026-08-26 16:52:58,0,0,28,0
2026-08-26 16:52:59,0,0,27,0
2026-08-26 16:53:00,0,0,21,0
2026-08-26 16:53:01,0,0,21,0
2026-08-26 16:53:02,0,0,12,0
2026-08-26 16:53:03,0,0,32,0
2026-08-26 16:53:04,0,0,20,0
2026-08-26 16:53:05,0,0,20,0
2026-08-26 16:53:06,0,0,23,0
2026-08-26 16:53:07,0,0,20,0
2026-08-26 16:53:08,0,0,24,0
2026-08-26 16:53:09,0,0,20,0
2026-08-26 16:53:10,0,0,26,0
2026-08-26 16:53:11,0,0,30,0
2026-08-26 16:53:12,0,0,20,0
2026-08-26 16:53:13,0,0,24,0
2026-08-26 16:53:14,0,0,18,0
2026-08-26 16:53:15,0,0,31,0
2026-08-26 16:53:16,0,0,20,0
2026-08-26 16:53:17,0,0,22,0
2026-08-26 16:53:18,0,0,17,0
2026-08-26 16:53:19,0,0,21,0
2026-08-26 16:53:20,0,0,22,0
2026-08-26 16:53:21,0,0,16,0
2026-08-26 16:53:22,0,0,21,0
2026-08-26 16:53:23,0,0,17,0
2026-08-26 16:53:24,0,0,26,0
2026-08-26 16:53:25,0,0,21,0
2026-08-26 16:53:26,0,0,27,0
2026-08-26 16:53:27,0,0,24,0
2026-08-26 16:53:28,0,0,26,0
2026-08-26 16:53:29,0,0,21,0
2026-08-26 16:53:30,0,0,21,0
2026-08-26 16:53:31,0,0,28,0
2026-08-26 16:53:32,0,0,21,0
2026-08-26 16:53:33,0,0,23,0
2026-08-26 16:53:34,0,0,28,0
2026-08-26 16:53:35,0,0,26,0
2026-08-26 16:53:36,0,0,29,0
2026-08-26 16:53:37,0,0,27,0
2026-08-26 16:53:38,0,0,26,0
2026-08-26 16:53:39,0,0,22,0
2026-08-26 16:53:40,0,0,25,0
2026-08-26 16:53:41,0,0,28,0
2026-08-26 16:53:42,0,0,24,0
2026-08-26 16:53:43,0,0,23,0
2026-08-26 16:53:44,0,0,30,0
2026-08-26 16:53:45,0,0,23,0
2026-08-26 16:53:46,0,0,24,0
2026-08-26 16:53:47,0,0,26,0
2026-08-26 16:53:48,0,0,27,0
2026-08-26 16:53:49,0,0,26,0
2026-08-26 16:53:50,0,0,30,0
2026-08-26 16:53:51,0,0,27,0
2026-08-26 16:53:52,0,0,30,0
2026-08-26 16:53:53,0,0,23,0
2026-08-26 16:53:54,0,0,22,0
2026-08-26 16:53:55,0,0,25,0
2026-08-26 16:53:56,0,0,26,0
2026-08-26 16:53:57,0,0,25,0
2026-08-26 16:53:58,0,0,27,0
2026-08-26 16:53:59,0,0,25,0
2026-08-26 16:54:00,0,0,32,0
2026-08-26 16:54:01,0,0,33,0
2026-08-26 16:54:02,0,0,25,0
2026-08-26 16:54:03,0,0,28,0
2026-08-26 16:54:04,0,0,29,0
2026-08-26 16:54:05,0,0,28,0
2026-08-26 16:54:06,0,0,25,0
2026-08-26 16:54:07,0,0,29,0
2026-08-26 16:54:08,0,0,24,0
2026-08-26 16:54:09,0,0,27,0
2026-08-26 16:54:10,0,0,24,0
2026-08-26 16:54:11,0,0,25,0
2026-08-26 16:54:12,0,0,22,0
2026-08-26 16:54:13,0,0,25,0
2026-08-26 16:54:14,0,0,19,0
2026-08-26 16:54:15,0,0,23,0
2026-08-26 16:54:16,0,0,24,0
2026-08-26 16:54:17,0,0,21,0
2026-08-26 16:54:18,0,0,21,0
2026-08-26 16:54:19,0,0,17,0
2026-08-26 16:54:20,0,0,16,0
2026-08-26 16:54:21,0,0,17,0
2026-08-26 16:54:22,0,0,21,0
2026-08-26 16:54:23,0,0,14,0
2026-08-26 16:54:24,0,0,20,0
2026-08-26 16:54:25,0,0,18,0
2026-08-26 16:54:26,0,0,23,0
2026-08-26 16:54:27,0,0,23,0
2026-08-26 16:54:28,0,0,20,0
2026-08-26 16:54:29,0,0,26,0
2026-08-26 16:54:30,0,0,15,0
2026-08-26 16:54:31,0,0,16,0
2026-08-26 16:54:32,0,0,10,0
2026-08-26 16:54:33,0,0,21,0
2026-08-26 16:54:34,0,0,20,0
2026-08-26 16:54:35,0,0,26,0
2026-08-26 16:54:36,0,0,22,0
2026-08-26 16:54:37,0,0,13,0
2026-08-26 16:54:38,0,0,16,0
2026-08-26 16:54:39,0,0,16,0
2026-08-26 16:54:40,0,0,19,0
2026-08-26 16:54:41,0,0,19,0
2026-08-26 16:54:42,0,0,22,0
2026-08-26 16:54:43,0,0,22,0
2026-08-26 16:54:44,0,0,17,0
2026-08-26 16:54:45,0,0,23,0
2026-08-26 16:54:46,0,0,16,0
2026-08-26 16:54:47,0,0,25,0
2026-08-26 16:54:48,0,0,20,0
2026-08-26 16:54:49,0,0,31,0
2026-08-26 16:54:50,0,0,19,0
2026-08-26 16:54:51,0,0,26,0
2026-08-26 16:54:52,0,0,25,0
2026-08-26 16:54:53,0,0,19,0
2026-08-26 16:54:54,0,0,26,0
2026-08-26 16:54:55,0,0,23,0
2026-08-26 16:54:56,0,0,30,0
2026-08-26 16:54:57,0,0,21,0
2026-08-26 16:54:58,0,0,23,0
2026-08-26 16:54:59,0,0,22,0
2026-08-26 16:55:00,0,0,28,0
2026-08-26 16:55:01,0,0,22,0
2026-08-26 16:55:02,0,0,23,0
2026-08-26 16:55:03,0,0,20,0
2026-08-26 16:55:04,0,0,26,0
2026-08-26 16:55:05,0,0,28,0
2026-08-26 16:55:06,0,0,17,0
2026-08-26 16:55:07,0,0,21,0
2026-08-26 16:55:08,0,0,24,0
2026-08-26 16:55:09,0,0,24,0
2026-08-26 16:55:10,0,0,17,0
2026-08-26 16:55:11,0,0,18,0
2026-08-26 16:55:12,0,0,17,0
2026-08-26 16:55:13,0,0,20,0
2026-08-26 16:55:14,0,0,22,0
2026-08-26 16:55:15,0,0,30,0
2026-08-26 16:55:16,0,0,21,0
2026-08-26 16:55:17,0,0,24,0
2026-08-26 16:55:18,0,0,22,0
2026-08-26 16:55:19,0,0,24,0
2026-08-26 16:55:20,0,0,24,0
2026-08-26 16:55:21,0,0,22,0
2026-08-26 16:55:22,0,0,17,0
2026-08-26 16:55:23,0,0,25,0
2026-08-26 16:55:24,0,0,30,0
2026-08-26 16:55:25,0,0,27,0
2026-08-26 16:55:26,0,0,16,0
2026-08-26 16:55:27,0,0,21,0
2026-08-26 16:55:28,0,0,22,0
2026-08-26 16:55:29,0,0,24,0
2026-08-26 16:55:30,0,0,25,0
2026-08-26 16:55:31,0,0,21,0
2026-08-26 16:55:32,0,0,25,0
2026-08-26 16:55:33,0,0,19,0
2026-08-26 16:55:34,0,0,24,0
2026-08-26 16:55:35,0,0,20,0
2026-08-26 16:55:36,0,0,24,0
2026-08-26 16:55:37,0,0,28,0
2026-08-26 16:55:38,0,0,24,0
2026-08-26 16:55:39,0,0,24,0
2026-08-26 16:55:40,0,0,21,0
2026-08-26 16:55:41,0,0,20,0
2026-08-26 16:55:42,0,0,20,0
2026-08-26 16:55:43,0,0,32,0
2026-08-26 16:55:44,0,0,22,0
2026-08-26 16:55:45,0,0,22,0
2026-08-26 16:55:46,0,0,15,0
2026-08-26 16:55:47,0,0,20,0
2026-08-26 16:55:48,0,0,23,0
2026-08-26 16:55:49,0,0,19,0
2026-08-26 16:55:50,0,0,23,0
2026-08-26 16:55:51,0,0,19,0
2026-08-26 16:55:52,0,0,16,0
2026-08-26 16:55:53,0,0,16,0
2026-08-26 16:55:54,0,0,16,0
2026-08-26 16:55:55,0,0,19,0
2026-08-26 16:55:56,0,0,18,0
2026-08-26 16:55:57,0,0,25,0
2026-08-26 16:55:58,0,0,11,0
2026-08-26 16:55:59,0,0,15,0
2026-08-26 16:56:00,0,0,15,0
2026-08-26 16:56:01,0,0,17,0
2026-08-26 16:56:02,0,0,16,0
2026-08-26 16:56:03,0,0,20,0
2026-08-26 16:56:04,0,0,14,0
2026-08-26 16:56:05,0,0,16,0
2026-08-26 16:56:06,0,0,15,0
2026-08-26 16:56:07,0,0,19,0
2026-08-26 16:56:08,0,0,18,0
2026-08-26 16:56:09,0,0,20,0
2026-08-26 16:56:10,0,0,16,0
2026-08-26 16:56:11,0,0,13,0
2026-08-26 16:56:12,0,0,17,0
2026-08-26 16:56:13,0,0,17,0
2026-08-26 16:56:14,0,0,13,0
2026-08-26 16:56:15,0,0,15,0
2026-08-26 16:56:16,0,0,14,0
2026-08-26 16:56:17,0,0,12,0
2026-08-26 16:56:18,0,0,12,0
2026-08-26 16:56:19,0,0,13,0
2026-08-26 16:56:20,0,0,15,0
2026-08-26 16:56:21,0,0,13,0
2026-08-26 16:56:22,0,0,10,0
2026-08-26 16:56:23,0,0,14,0
2026-08-26 16:56:24,0,0,9,0
2026-08-26 16:56:25,0,0,9,0
2026-08-26 16:56:26,0,0,11,0
2026-08-26 16:56:27,0,0,14,0
2026-08-26 16:56:28,0,0,14,0
2026-08-26 16:56:29,0,0,9,0
2026-08-26 16:56:30,0,0,15,0
2026-08-26 16:56:31,0,0,13,0
2026-08-26 16:56:32,0,0,14,0
2026-08-26 16:56:33,0,0,11,0
2026-08-26 16:56:34,0,0,10,0
2026-08-26 16:56:35,0,0,20,0
2026-08-26 16:56:36,0,0,19,0
2026-08-26 16:56:37,0,0,8,0
2026-08-26 16:56:38,0,0,15,0
2026-08-26 16:56:39,0,0,8,0
2026-08-26 16:56:40,0,0,20,0
2026-08-26 16:56:41,0,0,15,0
2026-08-26 16:56:42,0,0,16,0
2026-08-26 16:56:43,0,0,9,0
2026-08-26 16:56:44,0,0,17,0
2026-08-26 16:56:45,0,0,17,0
2026-08-26 16:56:46,0,0,17,0
2026-08-26 16:56:47,0,0,18,0
2026-08-26 16:56:48,0,0,14,0
2026-08-26 16:56:49,0,0,7,0
2026-08-26 16:56:50,0,0,9,0
2026-08-26 16:56:51,0,0,14,0
2026-08-26 16:56:52,0,0,9,0
2026-08-26 16:56:53,0,0,11,0
2026-08-26 16:56:54,0,0,12,0
2026-08-26 16:56:55,0,0,7,0
2026-08-26 16:56:56,0,0,12,0
2026-08-26 16:56:57,0,0,7,0
2026-08-26 16:56:58,0,0,24,0
2026-08-26 16:56:59,0,0,17,0
2026-08-26 16:57:00,0,0,14,0
2026-08-26 16:57:01,0,0,16,0
2026-08-26 16:57:02,0,0,12,0
2026-08-26 16:57:03,0,0,11,0
2026-08-26 16:57:04,0,0,12,0
2026-08-26 16:57:05,0,0,12,0
2026-08-26 16:57:06,0,0,9,0
2026-08-26 16:57:07,0,0,8,0
2026-08-26 16:57:08,0,0,15,0
2026-08-26 16:57:09,0,0,14,0
2026-08-26 16:57:10,0,0,17,0
2026-08-26 16:57:11,0,0,12,0
2026-08-26 16:57:12,0,0,22,0
2026-08-26 16:57:13,0,0,16,0
2026-08-26 16:57:14,0,0,18,0
2026-08-26 16:57:15,0,0,19,0
2026-08-26 16:57:16,0,0,12,0
2026-08-26 16:57:17,0,0,16,0
2026-08-26 16:57:18,0,0,15,0
2026-08-26 16:57:19,0,0,21,0
2026-08-26 16:57:20,0,0,14,0
2026-08-26 16:57:21,0,0,15,0
2026-08-26 16:57:22,0,0,15,0
2026-08-26 16:57:23,0,0,14,0
2026-08-26 16:57:24,0,0,12,0
2026-08-26 16:57:25,0,0,11,0
2026-08-26 16:57:26,0,0,15,0
2026-08-26 16:57:27,0,0,21,0
2026-08-26 16:57:28,0,0,7,0
2026-08-26 16:57:29,0,0,16,0
2026-08-26 16:57:30,0,0,15,0
2026-08-26 16:57:31,0,0,13,0
2026-08-26 16:57:32,0,0,18,0
2026-08-26 16:57:33,0,0,18,0
2026-08-26 16:57:34,0,0,15,0
2026-08-26 16:57:35,0,0,17,0
2026-08-26 16:57:36,0,0,14,0
2026-08-26 16:57:37,0,0,16,0
2026-08-26 16:57:38,0,0,21,0
2026-08-26 16:57:39,0,0,15,0
2026-08-26 16:57:40,0,0,16,0
2026-08-26 16:57:41,0,0,7,0
2026-08-26 16:57:42,0,0,9,0
2026-08-26 16:57:43,0,0,6,0
2026-08-26 16:57:44,0,0,11,0
2026-08-26 16:57:45,0,0,9,0
2026-08-26 16:57:46,0,0,13,0
2026-08-26 16:57:47,0,0,11,0
2026-08-26 16:57:48,0,0,13,0
2026-08-26 16:57:49,0,0,13,0
2026-08-26 16:57:50,0,0,12,0
2026-08-26 16:57:51,0,0,6,0
2026-08-26 16:57:52,0,0,13,0
2026-08-26 16:57:53,0,0,14,0
2026-08-26 16:57:54,0,0,16,0
2026-08-26 16:57:55,0,0,7,0
2026-08-26 16:57:56,0,0,12,0
2026-08-26 16:57:57,0,0,12,0
2026-08-26 16:57:58,0,0,18,0
2026-08-26 16:57:59,0,0,9,0
2026-08-26 16:58:00,0,0,13,0
2026-08-26 16:58:01,0,0,8,0
2026-08-26 16:58:02,0,0,11,0
2026-08-26 16:58:03,0,0,6,0
2026-08-26 16:58:04,0,0,9,0
2026-08-26 16:58:05,0,0,8,0
2026-08-26 16:58:06,0,0,11,0
2026-08-26 16:58:07,0,0,15,0
2026-08-26 16:58:08,0,0,14,0
2026-08-26 16:58:09,0,0,12,0
2026-08-26 16:58:10,0,0,8,0
2026-08-26 16:58:11,0,0,13,0
2026-08-26 16:58:12,0,0,14,0
2026-08-26 16:58:13,0,0,11,0
2026-08-26 16:58:14,0,0,8,0
2026-08-26 16:58:15,0,0,15,0
2026-08-26 16:58:16,0,0,7,0
2026-08-26 16:58:17,0,0,7,0
2026-08-26 16:58:18,0,0,6,0
2026-08-26 16:58:19,0,0,10,0
2026-08-26 16:58:20,0,0,7,0
2026-08-26 16:58:21,0,0,14,0
2026-08-26 16:58:22,0,0,15,0
2026-08-26 16:58:23,0,0,12,0
2026-08-26 16:58:24,0,0,11,0
2026-08-26 16:58:25,0,0,11,0
2026-08-26 16:58:26,0,0,1,0
2026-08-26 16:58:27,0,0,6,0
2026-08-26 16:58:28,0,0,13,0
2026-08-26 16:58:29,0,0,16,0
2026-08-26 16:58:30,0,0,15,0
2026-08-26 16:58:31,0,0,17,0
2026-08-26 16:58:32,0,0,15,0
2026-08-26 16:58:33,0,0,13,0
2026-08-26 16:58:34,0,0,8,0
2026-08-26 16:58:35,0,0,13,0
2026-08-26 16:58:36,0,0,7,0
2026-08-26 16:58:37,0,0,11,0
2026-08-26 16:58:38,0,0,13,0
2026-08-26 16:58:39,0,0,12,0
2026-08-26 16:58:40,0,0,13,0
2026-08-26 16:58:41,0,0,17,0
2026-08-26 16:58:42,0,0,2,0
2026-08-26 16:58:43,0,0,14,0
2026-08-26 16:58:44,0,0,16,0
2026-08-26 16:58:45,0,0,14,0
2026-08-26 16:58:46,0,0,18,0
2026-08-26 16:58:47,0,0,15,0
2026-08-26 16:58:48,0,0,11,0
2026-08-26 16:58:49,0,0,9,0
2026-08-26 16:58:50,0,0,6,0
2026-08-26 16:58:51,0,0,9,0
2026-08-26 16:58:52,0,0,7,0
2026-08-26 16:58:53,0,0,9,0
2026-08-26 16:58:54,0,0,18,0
2026-08-26 16:58:55,0,0,15,0
2026-08-26 16:58:56,0,0,10,0
2026-08-26 16:58:57,0,0,10,0
2026-08-26 16:58:58,0,0,19,0
2026-08-26 16:58:59,0,0,12,0
2026-08-26 16:59:00,0,0,7,0
2026-08-26 16:59:01,0,0,10,0
2026-08-26 16:59:02,0,0,8,0
2026-08-26 16:59:03,0,0,13,0
2026-08-26 16:59:04,0,0,17,0
2026-08-26 16:59:05,0,0,9,0
2026-08-26 16:59:06,0,0,16,0
2026-08-26 16:59:07,0,0,17,0
2026-08-26 16:59:08,0,0,8,0
2026-08-26 16:59:09,0,0,8,0
2026-08-26 16:59:10,0,0,25,0
2026-08-26 16:59:11,0,0,15,0
2026-08-26 16:59:12,0,0,14,0
2026-08-26 16:59:13,0,0,6,0
2026-08-26 16:59:14,0,0,10,0
2026-08-26 16:59:15,0,0,20,0
2026-08-26 16:59:16,0,0,10,0
2026-08-26 16:59:17,0,0,16,0
2026-08-26 16:59:18,0,0,18,0
2026-08-26 16:59:19,0,0,10,0
2026-08-26 16:59:20,0,0,15,0
2026-08-26 16:59:21,0,0,9,0
2026-08-26 16:59:22,0,0,11,0
2026-08-26 16:59:23,0,0,13,0
2026-08-26 16:59:24,0,0,17,0
2026-08-26 16:59:25,0,0,8,0
2026-08-26 16:59:26,0,0,5,0
2026-08-26 16:59:27,0,0,10,0
2026-08-26 16:59:28,0,0,8,0
2026-08-26 16:59:29,0,0,13,0
2026-08-26 16:59:30,0,0,13,0
2026-08-26 16:59:31,0,0,12,0
2026-08-26 16:59:32,0,0,15,0
2026-08-26 16:59:33,0,0,10,0
2026-08-26 16:59:34,0,0,14,0
2026-08-26 16:59:35,0,0,15,0
2026-08-26 16:59:36,0,0,13,0
2026-08-26 16:59:37,0,0,15,0
2026-08-26 16:59:38,0,0,20,0
2026-08-26 16:59:39,0,0,11,0
2026-08-26 16:59:40,0,0,6,0
2026-08-26 16:59:41,0,0,7,0
2026-08-26 16:59:42,0,0,13,0
2026-08-26 16:59:43,0,0,20,0
2026-08-26 16:59:44,0,0,9,0
2026-08-26 16:59:45,0,0,10,0
2026-08-26 16:59:46,0,0,10,0
2026-08-26 16:59:47,0,0,14,0
2026-08-26 16:59:48,0,0,18,0
2026-08-26 16:59:49,0,0,12,0
2026-08-26 16:59:50,0,0,10,0
2026-08-26 16:59:51,0,0,15,0
2026-08-26 16:59:52,0,0,13,0
2026-08-26 16:59:53,0,0,10,0
2026-08-26 16:59:54,0,0,3,0
2026-08-26 16:59:55,0,0,1,0
2026-08-26 16:59:56,0,0,14,0
2026-08-26 16:59:57,0,0,8,0
2026-08-26 16:59:58,0,0,16,0
2026-08-26 16:59:59,0,0,17,0
2026-08-26 17:00:00,0,0,8,0
2026-08-26 17:00:01,0,0,12,0
2026-08-26 17:00:02,0,0,10,0
2026-08-26 17:00:03,0,0,10,0
2026-08-26 17:00:04,0,0,6,0
2026-08-26 17:00:05,0,0,6,0
2026-08-26 17:00:06,0,0,7,0
2026-08-26 17:00:07,0,0,15,0
2026-08-26 17:00:08,0,0,13,0
2026-08-26 17:00:09,0,0,19,0
2026-08-26 17:00:10,0,0,16,0
2026-08-26 17:00:11,0,0,14,0
2026-08-26 17:00:12,0,0,8,0
2026-08-26 17:00:13,0,0,13,0
2026-08-26 17:00:14,0,0,10,0
2026-08-26 17:00:15,0,0,14,0
2026-08-26 17:00:16,0,0,13,0
2026-08-26 17:00:17,0,0,11,0
2026-08-26 17:00:18,0,0,7,0
2026-08-26 17:00:19,0,0,17,0
2026-08-26 17:00:20,0,0,10,0
2026-08-26 17:00:21,0,0,8,0
2026-08-26 17:00:22,0,0,8,0
2026-08-26 17:00:23,0,0,13,0
2026-08-26 17:00:24,0,0,10,0
2026-08-26 17:00:25,0,0,13,0
2026-08-26 17:00:26,0,0,14,0
2026-08-26 17:00:27,0,0,13,0
2026-08-26 17:00:28,0,0,13,0
2026-08-26 17:00:29,0,0,8,0
2026-08-26 17:00:30,0,0,9,0
2026-08-26 17:00:31,0,0,5,0
2026-08-26 17:00:32,0,0,7,0
2026-08-26 17:00:33,0,0,7,0
2026-08-26 17:00:34,0,0,8,0
2026-08-26 17:00:35,0,0,3,0
2026-08-26 17:00:36,0,0,4,0
2026-08-26 17:00:37,0,0,8,0
2026-08-26 17:00:38,0,0,11,0
2026-08-26 17:00:39,0,0,7,0
2026-08-26 17:00:40,0,0,13,0
2026-08-26 17:00:41,0,0,3,0
2026-08-26 17:00:42,0,0,4,0
2026-08-26 17:00:43,0,0,10,0
2026-08-26 17:00:44,0,0,13,0
2026-08-26 17:00:45,0,0,9,0
2026-08-26 17:00:46,0,0,10,0
2026-08-26 17:00:47,0,0,12,0
2026-08-26 17:00:48,0,0,5,0
2026-08-26 17:00:49,0,0,10,0
2026-08-26 17:00:50,0,0,15,0
2026-08-26 17:00:51,0,0,19,0
2026-08-26 17:00:52,0,0,14,0
2026-08-26 17:00:53,0,0,10,0
2026-08-26 17:00:54,0,0,12,0
2026-08-26 17:00:55,0,0,13,0
2026-08-26 17:00:56,0,0,14,0
2026-08-26 17:00:57,0,0,11,0
2026-08-26 17:00:58,0,0,16,0
2026-08-26 17:00:59,0,0,18,0
2026-08-26 17:01:00,0,0,18,0
2026-08-26 17:01:01,0,0,16,0
2026-08-26 17:01:02,0,0,10,0
2026-08-26 17:01:03,0,0,15,0
2026-08-26 17:01:04,0,0,8,0
2026-08-26 17:01:05,0,0,13,0
2026-08-26 17:01:06,0,0,8,0
2026-08-26 17:01:07,0,0,9,0
2026-08-26 17:01:08,0,0,15,0
2026-08-26 17:01:09,0,0,8,0
2026-08-26 17:01:10,0,0,4,0
2026-08-26 17:01:11,0,0,10,0
2026-08-26 17:01:12,0,0,4,0
2026-08-26 17:01:13,0,0,12,0
2026-08-26 17:01:14,0,0,10,0
2026-08-26 17:01:15,0,0,8,0
2026-08-26 17:01:16,0,0,12,0
2026-08-26 17:01:17,0,0,12,0
2026-08-26 17:01:18,0,0,9,0
2026-08-26 17:01:19,0,0,14,0
2026-08-26 17:01:20,0,0,9,0
2026-08-26 17:01:21,0,0,14,0
2026-08-26 17:01:22,0,0,17,0
2026-08-26 17:01:23,0,0,12,0
2026-08-26 17:01:24,0,0,11,0
2026-08-26 17:01:25,0,0,8,0
2026-08-26 17:01:26,0,0,2,0
2026-08-26 17:01:27,0,0,10,0
2026-08-26 17:01:28,0,0,7,0
2026-08-26 17:01:29,0,0,14,0
2026-08-26 17:01:30,0,0,12,0
2026-08-26 17:01:31,0,0,16,0
2026-08-26 17:01:32,0,0,11,0
2026-08-26 17:01:33,0,0,12,0
2026-08-26 17:01:34,0,0,11,0
2026-08-26 17:01:35,0,0,11,0
2026-08-26 17:01:36,0,0,12,0
2026-08-26 17:01:37,0,0,12,0
2026-08-26 17:01:38,0,0,11,0
2026-08-26 17:01:39,0,0,15,0
2026-08-26 17:01:40,0,0,11,0
2026-08-26 17:01:41,0,0,19,0
2026-08-26 17:01:42,0,0,9,0
2026-08-26 17:01:43,0,0,12,0
2026-08-26 17:01:44,0,0,12,0
2026-08-26 17:01:45,0,0,14,0
2026-08-26 17:01:46,0,0,4,0
2026-08-26 17:01:47,0,0,8,0
2026-08-26 17:01:48,0,0,13,0
2026-08-26 17:01:49,0,0,12,0
2026-08-26 17:01:50,0,0,5,0
2026-08-26 17:01:51,0,0,11,0
2026-08-26 17:01:52,0,0,10,0
2026-08-26 17:01:53,0,0,12,0
2026-08-26 17:01:54,0,0,8,0
2026-08-26 17:01:55,0,0,14,0
2026-08-26 17:01:56,0,0,8,0
2026-08-26 17:01:57,0,0,0,0
2026-08-26 17:01:58,0,0,10,0
2026-08-26 17:01:59,0,0,6,0
2026-08-26 17:02:00,0,0,9,0
2026-08-26 17:02:01,0,0,9,0
2026-08-26 17:02:02,0,0,0,0
2026-08-26 17:02:03,0,0,8,0
2026-08-26 17:02:04,0,0,4,0
2026-08-26 17:02:05,0,0,7,0
2026-08-26 17:02:06,0,0,7,0
2026-08-26 17:02:07,0,0,4,0
2026-08-26 17:02:08,0,0,8,0
2026-08-26 17:02:09,0,0,8,0
2026-08-26 17:02:10,0,0,3,0
2026-08-26 17:02:11,0,0,8,0
2026-08-26 17:02:12,0,0,8,0
2026-08-26 17:02:13,0,0,5,0
2026-08-26 17:02:14,0,0,12,0
2026-08-26 17:02:15,0,0,4,0
2026-08-26 17:02:16,0,0,9,0
2026-08-26 17:02:17,0,0,10,0
2026-08-26 17:02:18,0,0,8,0
2026-08-26 17:02:19,0,0,7,0
2026-08-26 17:02:20,0,0,10,0
2026-08-26 17:02:21,0,0,10,0
2026-08-26 17:02:22,0,0,10,0
2026-08-26 17:02:23,0,0,5,0
2026-08-26 17:02:24,0,0,9,0
2026-08-26 17:02:25,0,0,13,0
2026-08-26 17:02:26,0,0,1,0
2026-08-26 17:02:27,0,0,9,0
2026-08-26 17:02:28,0,0,7,0
2026-08-26 17:02:29,0,0,3,0
2026-08-26 17:02:30,0,0,6,0
2026-08-26 17:02:31,0,0,13,0
2026-08-26 17:02:32,0,0,8,0
2026-08-26 17:02:33,0,0,2,0
2026-08-26 17:02:34,0,0,5,0
2026-08-26 17:02:35,0,0,12,0
2026-08-26 17:02:36,0,0,3,0
2026-08-26 17:02:37,0,0,13,0
2026-08-26 17:02:38,0,0,8,0
2026-08-26 17:02:39,0,0,2,0
2026-08-26 17:02:40,0,0,2,0
2026-08-26 17:02:41,0,0,6,0
2026-08-26 17:02:42,0,0,11,0
2026-08-26 17:02:43,0,0,9,0
2026-08-26 17:02:44,0,0,10,0
2026-08-26 17:02:45,0,0,8,0
2026-08-26 17:02:46,0,0,6,0
2026-08-26 17:02:47,0,0,3,0
2026-08-26 17:02:48,0,0,6,0
2026-08-26 17:02:49,0,0,2,0
2026-08-26 17:02:50,0,0,7,0
2026-08-26 17:02:51,0,0,8,0
2026-08-26 17:02:52,0,0,9,0
2026-08-26 17:02:53,0,0,5,0
2026-08-26 17:02:54,0,0,6,0
2026-08-26 17:02:55,0,0,11,0
2026-08-26 17:02:56,0,0,1,0
2026-08-26 17:02:57,0,0,6,0
2026-08-26 17:02:58,0,0,3,0
2026-08-26 17:02:59,0,0,11,0
2026-08-26 17:03:00,0,0,5,0
2026-08-26 17:03:01,0,0,13,0
2026-08-26 17:03:02,0,0,5,0
2026-08-26 17:03:03,0,0,4,0
2026-08-26 17:03:04,0,0,14,0
2026-08-26 17:03:05,0,0,15,0
2026-08-26 17:03:06,0,0,11,0
2026-08-26 17:03:07,0,0,9,0
2026-08-26 17:03:08,0,0,10,0
2026-08-26 17:03:09,0,0,14,0
2026-08-26 17:03:10,0,0,10,0
2026-08-26 17:03:11,0,0,7,0
2026-08-26 17:03:12,0,0,2,0
2026-08-26 17:03:13,0,0,8,0
2026-08-26 17:03:14,0,0,3,0
2026-08-26 17:03:15,0,0,0,0
2026-08-26 17:03:16,0,0,5,0
2026-08-26 17:03:17,0,0,11,0
2026-08-26 17:03:18,0,0,10,0
2026-08-26 17:03:19,0,0,9,0
2026-08-26 17:03:20,0,0,10,0
2026-08-26 17:03:21,0,0,0,0
2026-08-26 17:03:22,0,0,16,0
2026-08-26 17:03:23,0,0,5,0
2026-08-26 17:03:24,0,0,9,0
2026-08-26 17:03:25,0,0,5,0
2026-08-26 17:03:26,0,0,8,0
2026-08-26 17:03:27,0,0,11,0
2026-08-26 17:03:28,0,0,12,0
2026-08-26 17:03:29,0,0,10,0
2026-08-26 17:03:30,0,0,2,0
2026-08-26 17:03:31,0,0,7,0
2026-08-26 17:03:32,0,0,10,0
2026-08-26 17:03:33,0,0,8,0
2026-08-26 17:03:34,0,0,6,0
2026-08-26 17:03:35,0,0,15,0
2026-08-26 17:03:36,0,0,13,0
2026-08-26 17:03:37,0,0,7,0
2026-08-26 17:03:38,0,0,10,0
2026-08-26 17:03:39,0,0,12,0
2026-08-26 17:03:40,0,0,10,0
2026-08-26 17:03:41,0,0,1,0
2026-08-26 17:03:42,0,0,6,0
2026-08-26 17:03:43,0,0,5,0
2026-08-26 17:03:44,0,0,10,0
2026-08-26 17:03:45,0,0,9,0
2026-08-26 17:03:46,0,0,7,0
2026-08-26 17:03:47,0,0,0,0
2026-08-26 17:03:48,0,0,6,0
2026-08-26 17:03:49,0,0,4,0
2026-08-26 17:03:50,0,0,13,0
2026-08-26 17:03:51,0,0,8,0
2026-08-26 17:03:52,0,0,3,0
2026-08-26 17:03:53,0,0,6,0
2026-08-26 17:03:54,0,0,3,0
2026-08-26 17:03:55,0,0,8,0
2026-08-26 17:03:56,0,0,12,0
2026-08-26 17:03:57,0,0,15,0
2026-08-26 17:03:58,0,0,5,0
2026-08-26 17:03:59,0,0,13,0
2026-08-26 17:04:00,0,0,3,0
2026-08-26 17:04:01,0,0,0,0
2026-08-26 17:04:02,0,0,7,0
2026-08-26 17:04:03,0,0,10,0
2026-08-26 17:04:04,0,0,5,0
2026-08-26 17:04:05,0,0,1,0
2026-08-26 17:04:06,0,0,2,0
2026-08-26 17:04:07,0,0,5,0
2026-08-26 17:04:08,0,0,3,0
2026-08-26 17:04:09,0,0,6,0
2026-08-26 17:04:10,0,0,5,0
2026-08-26 17:04:11,0,0,5,0
2026-08-26 17:04:12,0,0,10,0
2026-08-26 17:04:13,0,0,14,0
2026-08-26 17:04:14,0,0,10,0
2026-08-26 17:04:15,0,0,7,0
2026-08-26 17:04:16,0,0,16,0
2026-08-26 17:04:17,0,0,0,0
2026-08-26 17:04:18,0,0,13,0
2026-08-26 17:04:19,0,0,9,0
2026-08-26 17:04:20,0,0,11,0
2026-08-26 17:04:21,0,0,14,0
2026-08-26 17:04:22,0,0,7,0
2026-08-26 17:04:23,0,0,6,0
2026-08-26 17:04:24,0,0,12,0
2026-08-26 17:04:25,0,0,8,0
2026-08-26 17:04:26,0,0,16,0
2026-08-26 17:04:27,0,0,11,0
2026-08-26 17:04:28,0,0,9,0
2026-08-26 17:04:29,0,0,9,0
2026-08-26 17:04:30,0,0,8,0
2026-08-26 17:04:31,0,0,8,0
2026-08-26 17:04:32,0,0,14,0
2026-08-26 17:04:33,0,0,5,0
2026-08-26 17:04:34,0,0,12,0
2026-08-26 17:04:35,0,0,2,0
2026-08-26 17:04:36,0,0,9,0
2026-08-26 17:04:37,0,0,6,0
2026-08-26 17:04:38,0,0,6,0
2026-08-26 17:04:39,0,0,5,0
2026-08-26 17:04:40,0,0,15,0
2026-08-26 17:04:41,0,0,6,0
2026-08-26 17:04:42,0,0,11,0
2026-08-26 17:04:43,0,0,9,0
2026-08-26 17:04:44,0,0,5,0
2026-08-26 17:04:45,0,0,9,0
2026-08-26 17:04:46,0,0,9,0
2026-08-26 17:04:47,0,0,9,0
2026-08-26 17:04:48,0,0,5,0
2026-08-26 17:04:49,0,0,3,0
2026-08-26 17:04:50,0,0,0,0
2026-08-26 17:04:51,0,0,9,0
2026-08-26 17:04:52,0,0,9,0
2026-08-26 17:04:53,0,0,2,0
2026-08-26 17:04:54,0,0,11,0
2026-08-26 17:04:55,0,0,5,0
2026-08-26 17:04:56,0,0,6,0
2026-08-26 17:04:57,0,0,10,0
2026-08-26 17:04:58,0,0,4,0
2026-08-26 17:04:59,0,0,12,0
2026-08-26 17:05:00,0,0,9,0
2026-08-26 17:05:01,0,0,3,0
2026-08-26 17:05:02,0,0,11,0
2026-08-26 17:05:03,0,0,1,0
2026-08-26 17:05:05,0,0,0,0
2026-08-26 17:05:06,0,0,2,0
2026-08-26 17:05:07,0,0,3,0
2026-08-26 17:05:08,0,0,6,0
2026-08-26 17:05:09,0,0,5,0
2026-08-26 17:05:10,0,0,1,0
2026-08-26 17:05:10,0,0,6,0
2026-08-26 17:05:11,0,0,6,0
2026-08-26 17:05:12,0,0,3,0
2026-08-26 17:05:13,0,0,0,0
2026-08-26 17:05:14,0,0,2,0
2026-08-26 17:05:15,0,0,0,0
2026-08-26 17:05:16,0,0,0,0
2026-08-26 17:05:18,0,0,0,0
2026-08-26 17:05:19,0,0,4,0
2026-08-26 17:05:19,0,0,0,0
2026-08-26 17:05:20,0,0,4,0
2026-08-26 17:05:22,0,0,8,0
2026-08-26 17:05:26,0,0,0,0
2026-08-26 17:05:26,0,0,5,0
2026-08-26 17:05:26,0,0,0,0
2026-08-26 17:05:26,0,0,0,0
2026-08-26 17:05:27,0,0,0,0
2026-08-26 17:05:30,0,0,0,0
2026-08-26 17:05:31,0,0,0,0
2026-08-26 17:05:31,0,0,0,0
2026-08-26 17:05:31,0,0,0,0
2026-08-26 17:05:31,0,0,0,0
2026-08-26 17:05:32,0,0,0,0
2026-08-26 17:05:34,0,0,0,0
2026-08-26 17:05:34,0,0,0,0
2026-08-26 17:05:36,0,0,0,0
2026-08-26 17:05:36,0,0,0,0
2026-08-26 17:05:38,0,0,0,0
2026-08-26 17:05:39,0,0,0,0
2026-08-26 17:05:39,0,0,0,0
2026-08-26 17:05:41,0,0,0,0
2026-08-26 17:05:42,0,0,1,0
2026-08-26 17:05:43,0,0,0,0
2026-08-26 17:05:43,0,0,0,0
2026-08-26 17:05:44,0,0,0,0
2026-08-26 17:05:45,0,0,0,0
2026-08-26 17:05:46,0,0,0,0
2026-08-26 17:05:48,0,0,0,0
2026-08-26 17:05:48,0,0,0,0
2026-08-26 17:05:49,0,0,0,0
2026-08-26 17:05:51,0,0,0,0
2026-08-26 17:05:52,0,0,0,0
2026-08-26 17:05:52,0,0,0,0
2026-08-26 17:05:53,0,0,0,0
2026-08-26 17:05:54,0,0,0,0
2026-08-26 17:05:55,0,0,0,0
2026-08-26 17:05:56,0,0,0,0
2026-08-26 17:05:57,0,0,0,0
2026-08-26 17:05:58,0,0,0,0
2026-08-26 17:05:59,0,0,0,0
2026-08-26 17:06:00,0,0,0,0
2026-08-26 17:06:01,0,0,0,0
2026-08-26 17:06:02,0,0,0,0
2026-08-26 17:06:04,0,0,0,0
2026-08-26 17:06:04,0,0,0,0
2026-08-26 17:06:06,0,0,0,0
2026-08-26 17:06:06,0,0,0,0
2026-08-26 17:06:08,0,0,0,0
2026-08-26 17:06:08,0,0,0,0
2026-08-26 17:06:09,0,0,1,0
2026-08-26 17:06:11,0,0,0,0
2026-08-26 17:06:11,0,0,0,0
2026-08-26 17:06:12,0,0,0,0
2026-08-26 17:06:14,0,0,4,0
2026-08-26 17:06:15,0,0,0,0
2026-08-26 17:06:16,0,0,1,0
2026-08-26 17:06:16,0,0,3,0
2026-08-26 17:06:17,0,0,0,0
2026-08-26 17:06:18,0,0,3,0
2026-08-26 17:06:19,0,0,3,0
2026-08-26 17:06:20,0,0,0,0
2026-08-26 17:06:21,0,0,2,0
2026-08-26 17:06:22,0,0,6,0
2026-08-26 17:06:23,0,0,11,0
2026-08-26 17:06:24,0,0,0,0
2026-08-26 17:06:25,0,0,0,0
2026-08-26 17:06:26,0,0,0,0
2026-08-26 17:06:27,0,0,2,0
2026-08-26 17:06:28,0,0,0,0
2026-08-26 17:06:29,0,0,0,0
2026-08-26 17:06:30,0,0,6,0
2026-08-26 17:06:31,0,0,6,0
2026-08-26 17:06:32,0,0,0,0
2026-08-26 17:06:33,0,0,1,0
2026-08-26 17:06:34,0,0,0,0
2026-08-26 17:06:35,0,0,1,0
2026-08-26 17:06:36,0,0,1,0
2026-08-26 17:06:37,0,0,8,0
2026-08-26 17:06:38,0,0,2,0
2026-08-26 17:06:39,0,0,8,0
2026-08-26 17:06:40,0,0,4,0
2026-08-26 17:06:41,0,0,5,0
2026-08-26 17:06:42,0,0,8,0
2026-08-26 17:06:43,0,0,5,0
2026-08-26 17:06:44,0,0,3,0
2026-08-26 17:06:45,0,0,1,0
2026-08-26 17:06:46,0,0,0,0
2026-08-26 17:06:47,0,0,0,0
2026-08-26 17:06:48,0,0,0,0
2026-08-26 17:06:49,0,0,9,0
2026-08-26 17:06:50,0,0,10,0
2026-08-26 17:06:51,0,0,2,0
2026-08-26 17:06:52,0,0,9,0
2026-08-26 17:06:53,0,0,1,0
2026-08-26 17:06:54,0,0,6,0
2026-08-26 17:06:55,0,0,0,0
2026-08-26 17:06:56,0,0,7,0
2026-08-26 17:06:57,0,0,0,0
2026-08-26 17:06:58,0,0,3,0
2026-08-26 17:06:59,0,0,10,0
2026-08-26 17:07:00,0,0,12,0
2026-08-26 17:07:01,0,0,9,0
2026-08-26 17:07:02,0,0,3,0
2026-08-26 17:07:03,0,0,5,0
2026-08-26 17:07:04,0,0,1,0
2026-08-26 17:07:05,0,0,1,0
2026-08-26 17:07:06,0,0,0,0
2026-08-26 17:07:07,0,0,0,0
2026-08-26 17:07:08,0,0,4,0
2026-08-26 17:07:09,0,0,8,0
2026-08-26 17:07:10,0,0,3,0
2026-08-26 17:07:11,0,0,7,0
2026-08-26 17:07:12,0,0,5,0
2026-08-26 17:07:13,0,0,5,0
2026-08-26 17:07:14,0,0,9,0
2026-08-26 17:07:15,0,0,2,0
2026-08-26 17:07:16,0,0,0,0
2026-08-26 17:07:17,0,0,1,0
2026-08-26 17:07:18,0,0,4,0
2026-08-26 17:07:19,0,0,1,0
2026-08-26 17:07:20,0,0,11,0
2026-08-26 17:07:21,0,0,0,0
2026-08-26 17:07:22,0,0,6,0
2026-08-26 17:07:23,0,0,8,0
2026-08-26 17:07:24,0,0,8,0
2026-08-26 17:07:25,0,0,0,0
2026-08-26 17:07:26,0,0,8,0
2026-08-26 17:07:27,0,0,0,0
2026-08-26 17:07:28,0,0,4,0
2026-08-26 17:07:29,0,0,6,0
2026-08-26 17:07:30,0,0,3,0
2026-08-26 17:07:31,0,0,1,0
2026-08-26 17:07:32,0,0,2,0
2026-08-26 17:07:33,0,0,3,0
2026-08-26 17:07:34,0,0,0,0
2026-08-26 17:07:35,0,0,8,0
2026-08-26 17:07:36,0,0,2,0
2026-08-26 17:07:37,0,0,7,0
2026-08-26 17:07:38,0,0,4,0
2026-08-26 17:07:39,0,0,8,0
2026-08-26 17:07:40,0,0,5,0
2026-08-26 17:07:41,0,0,4,0
2026-08-26 17:07:42,0,0,7,0
2026-08-26 17:07:43,0,0,11,0
2026-08-26 17:07:44,0,0,5,0
2026-08-26 17:07:45,0,0,9,0
2026-08-26 17:07:46,0,0,9,0
2026-08-26 17:07:47,0,0,9,0
2026-08-26 17:07:48,0,0,9,0
2026-08-26 17:07:49,0,0,2,0
2026-08-26 17:07:50,0,0,2,0
2026-08-26 17:07:51,0,0,11,0
2026-08-26 17:07:52,0,0,14,0
2026-08-26 17:07:53,0,0,8,0
2026-08-26 17:07:54,0,0,17,0
2026-08-26 17:07:55,0,0,9,0
2026-08-26 17:07:56,0,0,15,0
2026-08-26 17:07:57,0,0,11,0
2026-08-26 17:07:58,0,0,15,0
2026-08-26 17:07:59,0,0,9,0
2026-08-26 17:08:00,0,0,9,0
2026-08-26 17:08:01,0,0,6,0
2026-08-26 17:08:02,0,0,10,0
2026-08-26 17:08:03,0,0,13,0
2026-08-26 17:08:04,0,0,12,0
2026-08-26 17:08:05,0,0,13,0
2026-08-26 17:08:06,0,0,12,0
2026-08-26 17:08:07,0,0,8,0
2026-08-26 17:08:08,0,0,10,0
2026-08-26 17:08:09,0,0,11,0
2026-08-26 17:08:10,0,0,8,0
2026-08-26 17:08:11,0,0,12,0
2026-08-26 17:08:12,0,0,10,0
2026-08-26 17:08:13,0,0,20,0
2026-08-26 17:08:14,0,0,13,0
2026-08-26 17:08:15,0,0,11,0
2026-08-26 17:08:16,0,0,18,0
2026-08-26 17:08:17,0,0,6,0
2026-08-26 17:08:18,0,0,12,0
2026-08-26 17:08:19,0,0,17,0
2026-08-26 17:08:20,0,0,9,0
2026-08-26 17:08:21,0,0,7,0
2026-08-26 17:08:22,0,0,3,0
2026-08-26 17:08:23,0,0,19,0
2026-08-26 17:08:24,0,0,16,0
2026-08-26 17:08:25,0,0,15,0
2026-08-26 17:08:26,0,0,16,0
2026-08-26 17:08:27,0,0,17,0
2026-08-26 17:08:28,0,0,15,0
2026-08-26 17:08:29,0,0,6,0
2026-08-26 17:08:30,0,0,11,0
2026-08-26 17:08:31,0,0,14,0
2026-08-26 17:08:32,0,0,12,0
2026-08-26 17:08:33,0,0,14,0
2026-08-26 17:08:34,0,0,17,0
2026-08-26 17:08:35,0,0,6,0
2026-08-26 17:08:36,0,0,16,0
2026-08-26 17:08:37,0,0,15,0
2026-08-26 17:08:38,0,0,12,0
2026-08-26 17:08:39,0,0,17,0
2026-08-26 17:08:40,0,0,11,0
2026-08-26 17:08:41,0,0,11,0
2026-08-26 17:08:42,0,0,12,0
2026-08-26 17:08:43,0,0,5,0
2026-08-26 17:08:44,0,0,12,0
2026-08-26 17:08:45,0,0,20,0
2026-08-26 17:08:46,0,0,8,0
2026-08-26 17:08:47,0,0,8,0
2026-08-26 17:08:48,0,0,9,0
2026-08-26 17:08:49,0,0,18,0
2026-08-26 17:08:50,0,0,8,0
2026-08-26 17:08:51,0,0,10,0
2026-08-26 17:08:52,0,0,12,0
2026-08-26 17:08:53,0,0,33,0
2026-08-26 17:08:54,0,0,13,0
2026-08-26 17:08:55,0,0,19,0
2026-08-26 17:08:56,0,0,11,0
2026-08-26 17:08:57,0,0,12,0
2026-08-26 17:08:58,0,0,8,0
2026-08-26 17:08:59,0,0,8,0
2026-08-26 17:09:00,0,0,6,0
2026-08-26 17:09:01,0,0,15,0
2026-08-26 17:09:02,0,0,27,0
2026-08-26 17:09:03,0,0,31,0
2026-08-26 17:09:04,0,0,45,0
2026-08-26 17:09:05,0,0,53,0
2026-08-26 17:09:06,0,0,59,0
2026-08-26 17:09:07,0,0,62,0
2026-08-26 17:09:08,0,0,55,0
2026-08-26 17:09:09,0,0,68,0
2026-08-26 17:09:10,0,0,56,0
2026-08-26 17:09:11,0,0,53,0
2026-08-26 17:09:12,0,0,61,0
2026-08-26 17:09:13,0,0,40,0
2026-08-26 17:09:14,0,0,31,0
2026-08-26 17:09:15,0,0,50,0
2026-08-26 17:09:16,0,0,45,0
2026-08-26 17:09:17,0,0,17,0
2026-08-26 17:09:18,0,0,37,0
2026-08-26 17:09:19,0,0,23,0
2026-08-26 17:09:20,0,0,22,0
2026-08-26 17:09:21,0,0,14,0
2026-08-26 17:09:22,0,0,41,0
2026-08-26 17:09:23,0,0,27,0
2026-08-26 17:09:24,0,0,14,0
2026-08-26 17:09:25,0,0,12,0
2026-08-26 17:09:26,0,0,14,0
2026-08-26 17:09:27,0,0,10,0
2026-08-26 17:09:28,0,0,7,0
2026-08-26 17:09:29,0,0,4,0
2026-08-26 17:09:30,0,0,3,0
2026-08-26 17:09:31,0,0,7,0
2026-08-26 17:09:32,0,0,0,0
2026-08-26 17:09:33,0,0,7,0
2026-08-26 17:09:34,0,0,0,0
2026-08-26 17:09:35,0,0,0,0
2026-08-26 17:09:36,0,0,11,0
2026-08-26 17:09:37,0,0,12,0
2026-08-26 17:09:38,0,0,9,0
2026-08-26 17:09:39,0,0,7,0
2026-08-26 17:09:40,0,0,7,0
2026-08-26 17:09:41,0,0,2,0
2026-08-26 17:09:42,0,0,0,0
2026-08-26 17:09:43,0,0,9,0
2026-08-26 17:09:44,0,0,4,0
2026-08-26 17:09:45,0,0,3,0
2026-08-26 17:09:46,0,0,3,0
2026-08-26 17:09:47,0,0,3,0
2026-08-26 17:09:48,0,0,7,0
2026-08-26 17:09:49,0,0,10,0
2026-08-26 17:09:50,0,0,12,0
2026-08-26 17:09:51,0,0,10,0
2026-08-26 17:09:52,0,0,8,0
2026-08-26 17:09:53,0,0,0,0
2026-08-26 17:09:54,0,0,3,0
2026-08-26 17:09:55,0,0,5,0
2026-08-26 17:09:56,0,0,4,0
2026-08-26 17:09:57,0,0,3,0
2026-08-26 17:09:58,0,0,4,0
2026-08-26 17:09:59,0,0,8,0
2026-08-26 17:10:00,0,0,2,0
2026-08-26 17:10:01,0,0,0,0
2026-08-26 17:10:02,0,0,8,0
2026-08-26 17:10:03,0,0,0,0
2026-08-26 17:10:04,0,0,2,0
2026-08-26 17:10:05,0,0,0,0
2026-08-26 17:10:06,0,0,7,0
2026-08-26 17:10:07,0,0,4,0
2026-08-26 17:10:08,0,0,8,0
2026-08-26 17:10:09,0,0,4,0
2026-08-26 17:10:10,0,0,6,0
2026-08-26 17:10:11,0,0,6,0
2026-08-26 17:10:12,0,0,5,0
2026-08-26 17:10:13,0,0,7,0
2026-08-26 17:10:14,0,0,0,0
2026-08-26 17:10:15,0,0,6,0
2026-08-26 17:10:16,0,0,7,0
2026-08-26 17:10:17,0,0,4,0
2026-08-26 17:10:18,0,0,9,0
2026-08-26 17:10:19,0,0,5,0
2026-08-26 17:10:20,0,0,0,0
2026-08-26 17:10:21,0,0,8,0
2026-08-26 17:10:22,0,0,2,0
2026-08-26 17:10:23,0,0,7,0
2026-08-26 17:10:24,0,0,3,0
2026-08-26 17:10:25,0,0,9,0
2026-08-26 17:10:26,0,0,11,0
2026-08-26 17:10:27,0,0,3,0
2026-08-26 17:10:28,0,0,1,0
2026-08-26 17:10:29,0,0,1,0
2026-08-26 17:10:30,0,0,5,0
2026-08-26 17:10:31,0,0,3,0
2026-08-26 17:10:32,0,0,8,0
2026-08-26 17:10:33,0,0,6,0
2026-08-26 17:10:34,0,0,0,0
2026-08-26 17:10:35,0,0,3,0
2026-08-26 17:10:36,0,0,3,0
2026-08-26 17:10:37,0,0,0,0
2026-08-26 17:10:38,0,0,0,0
2026-08-26 17:10:39,0,0,0,0
2026-08-26 17:10:40,0,0,2,0
2026-08-26 17:10:41,0,0,4,0
2026-08-26 17:10:42,0,0,0,0
2026-08-26 17:10:43,0,0,4,0
2026-08-26 17:10:44,0,0,7,0
2026-08-26 17:10:45,0,0,0,0
2026-08-26 17:10:46,0,0,5,0
2026-08-26 17:10:47,0,0,0,0
2026-08-26 17:10:48,0,0,0,0
2026-08-26 17:10:49,0,0,1,0
2026-08-26 17:10:50,0,0,4,0
2026-08-26 17:10:51,0,0,2,0
2026-08-26 17:10:52,0,0,5,0
2026-08-26 17:10:53,0,0,8,0
2026-08-26 17:10:54,0,0,0,0
2026-08-26 17:10:55,0,0,3,0
2026-08-26 17:10:56,0,0,0,0
2026-08-26 17:10:57,0,0,2,0
2026-08-26 17:10:58,0,0,0,0
2026-08-26 17:10:59,0,0,2,0
2026-08-26 17:11:00,0,0,0,0
2026-08-26 17:11:01,0,0,0,0
2026-08-26 17:11:02,0,0,2,0
2026-08-26 17:11:03,0,0,0,0
2026-08-26 17:11:04,0,0,3,0
2026-08-26 17:11:05,0,0,0,0
2026-08-26 17:11:06,0,0,0,0
2026-08-26 17:11:07,0,0,0,0
2026-08-26 17:11:08,0,0,0,0
2026-08-26 17:11:09,0,0,0,0
2026-08-26 17:11:10,0,0,0,0
2026-08-26 17:11:11,0,0,0,0
2026-08-26 17:11:12,0,0,5,0
2026-08-26 17:11:13,0,0,0,0
2026-08-26 17:11:14,0,0,2,0
2026-08-26 17:11:15,0,0,0,0
2026-08-26 17:11:16,0,0,5,0
2026-08-26 17:11:17,0,0,8,0
2026-08-26 17:11:18,0,0,0,0
2026-08-26 17:11:19,0,0,0,0
2026-08-26 17:11:20,0,0,5,0
2026-08-26 17:11:21,0,0,7,0
2026-08-26 17:11:22,0,0,8,0
2026-08-26 17:11:23,0,0,0,0
2026-08-26 17:11:24,0,0,3,0
2026-08-26 17:11:25,0,0,0,0
2026-08-26 17:11:26,0,0,6,0
2026-08-26 17:11:27,0,0,2,0
2026-08-26 17:11:28,0,0,1,0
2026-08-26 17:11:29,0,0,8,0
2026-08-26 17:11:30,0,0,6,0
2026-08-26 17:11:31,0,0,3,0
2026-08-26 17:11:32,0,0,5,0
2026-08-26 17:11:33,0,0,10,0
2026-08-26 17:11:34,0,0,0,0
2026-08-26 17:11:35,0,0,3,0
2026-08-26 17:11:36,0,0,5,0
2026-08-26 17:11:37,0,0,10,0
2026-08-26 17:11:38,0,0,0,0
2026-08-26 17:11:39,0,0,10,0
2026-08-26 17:11:40,0,0,0,0
2026-08-26 17:11:41,0,0,9,0
2026-08-26 17:11:42,0,0,18,0
2026-08-26 17:11:43,0,0,21,0
2026-08-26 17:11:44,0,0,28,0
2026-08-26 17:11:45,0,0,30,0
2026-08-26 17:11:46,0,0,41,0
2026-08-26 17:11:47,0,0,53,0
2026-08-26 17:11:48,0,0,59,0
2026-08-26 17:11:49,0,0,72,0
2026-08-26 17:11:50,0,0,84,0
2026-08-26 17:11:51,0,0,87,0
2026-08-26 17:11:52,0,0,100,0
2026-08-26 17:11:53,0,0,100,0
2026-08-26 17:11:54,0,0,100,0
2026-08-26 17:11:55,0,0,99,0
2026-08-26 17:11:56,0,0,102,0
2026-08-26 17:11:57,0,0,98,0
2026-08-26 17:11:58,0,0,92,0
2026-08-26 17:11:59,0,0,102,0
2026-08-26 17:12:00,0,0,97,0
2026-08-26 17:12:01,0,0,92,0
2026-08-26 17:12:02,0,0,92,0
2026-08-26 17:12:03,0,0,81,0
2026-08-26 17:12:04,0,0,93,0
2026-08-26 17:12:05,0,0,80,0
2026-08-26 17:12:06,0,0,82,0
2026-08-26 17:12:07,0,0,86,0
2026-08-26 17:12:08,0,0,77,0
2026-08-26 17:12:09,0,0,81,0
2026-08-26 17:12:10,0,0,69,0
2026-08-26 17:12:11,0,0,74,0
2026-08-26 17:12:12,0,0,71,0
2026-08-26 17:12:13,0,0,64,0
2026-08-26 17:12:14,0,0,61,0
2026-08-26 17:12:15,0,0,71,0
2026-08-26 17:12:16,0,0,64,0
2026-08-26 17:12:17,0,0,59,0
2026-08-26 17:12:18,0,0,61,0
2026-08-26 17:12:19,0,0,55,0
2026-08-26 17:12:20,0,0,56,0
2026-08-26 17:12:21,0,0,52,0
2026-08-26 17:12:22,0,0,62,0
2026-08-26 17:12:23,0,0,51,0
2026-08-26 17:12:24,0,0,58,0
2026-08-26 17:12:25,0,0,54,0
2026-08-26 17:12:26,0,0,49,0
2026-08-26 17:12:27,0,0,52,0
2026-08-26 17:12:28,0,0,49,0
2026-08-26 17:12:29,0,0,45,0
2026-08-26 17:12:30,0,0,49,4
2026-08-26 17:12:31,0,0,44,4
2026-08-26 17:12:32,0,0,43,4
2026-08-26 17:12:33,0,0,36,4
2026-08-26 17:12:34,0,0,48,4
2026-08-26 17:12:35,0,0,42,4
2026-08-26 17:12:36,0,0,36,4
2026-08-26 17:12:37,0,0,35,4
2026-08-26 17:12:38,0,0,41,4
2026-08-26 17:12:39,0,0,33,4
2026-08-26 17:12:40,0,0,33,4
2026-08-26 17:12:41,0,0,32,4
2026-08-26 17:12:42,0,0,30,4
2026-08-26 17:12:43,0,0,35,4
2026-08-26 17:12:44,0,0,29,4
2026-08-26 17:12:45,0,0,29,4
2026-08-26 17:12:46,0,0,23,4
2026-08-26 17:12:47,0,0,26,4
2026-08-26 17:12:48,0,0,29,4
2026-08-26 17:12:49,0,0,26,4
2026-08-26 17:12:50,0,0,26,4
2026-08-26 17:12:51,0,0,18,4
2026-08-26 17:12:52,0,0,28,4
2026-08-26 17:12:53,0,0,22,4
2026-08-26 17:12:55,0,0,26,4
2026-08-26 17:12:55,0,0,23,4
2026-08-26 17:12:56,0,0,22,4
2026-08-26 17:12:57,0,0,24,4
2026-08-26 17:12:58,0,0,28,4
